Timestamp,PM 1.0,PM 2.5,Applied PM 2.5 Custom Calibration Setting - Multiplication Factor,PM 4.0,PM 10,Applied PM 10 Custom Calibration Setting - Multiplication Factor,NC 0.5,NC 1.0,NC 2.5,NC 4.0,NC 10,PM Sensor Error Status,Temperature,Applied Temperature Custom Calibration Setting - Offset,Relative Humidity,Applied Relative Humidity Custom Calibration Setting - Offset,Temperature/Humidity Sensor Error Status,Device Status
2024-04-01 00:00:00,2.0,2.0,1.06,2.0,2.0,,20.75,23.75,23.75,23.75,23.75,0.0,2.975,,64.25,,0.0,0.0
2024-04-01 01:00:00,2.0,2.0,1.06,2.0,2.0,,19.75,22.5,22.5,22.5,22.5,0.0,5.275,,59.75,,0.0,0.0
2024-04-01 02:00:00,2.0,2.0,1.06,2.0,2.0,,21.75,25.0,25.0,25.0,25.0,0.0,9.175,,53.0,,0.0,0.0
2024-04-01 03:00:00,2.25,2.5,1.06,2.5,2.5,,24.75,28.5,28.5,28.5,28.75,0.0,8.525,,55.0,,2.0,0.0
2024-04-01 04:00:00,2.0,2.0,1.06,2.0,2.0,,23.0,26.5,26.75,26.75,27.0,0.0,7.2,,58.5,,0.0,0.0
2024-04-01 05:00:00,2.0,2.0,1.06,2.25,2.25,,24.0,27.5,27.5,27.5,27.5,0.0,7.075,,59.0,,0.0,0.0
2024-04-01 06:00:00,2.0,2.0,1.06,2.0,2.25,,24.5,28.0,28.25,28.25,28.25,0.0,8.0,,57.5,,0.0,0.0
2024-04-01 07:00:00,2.0,2.0,1.06,2.0,2.0,,22.0,25.25,25.25,25.25,25.25,0.0,9.525,,54.5,,0.0,0.0
2024-04-01 08:00:00,2.0,2.0,1.06,2.75,2.75,,22.5,25.75,26.0,26.25,26.25,0.0,10.725,,51.5,,0.0,0.0
2024-04-01 09:00:00,2.0,2.75,1.06,2.75,3.0,,24.25,28.25,28.5,28.5,28.5,0.0,11.2,,50.25,,0.0,0.0
2024-04-01 10:00:00,3.0,3.0,1.06,3.0,3.0,,29.25,33.5,34.0,34.25,34.25,0.0,10.85,,51.5,,0.0,0.0
2024-04-01 11:00:00,3.5,3.75,1.06,3.75,3.75,,38.5,44.25,44.5,44.5,44.5,0.0,9.5,,53.75,,0.0,0.0
2024-04-01 12:00:00,4.75,4.75,1.06,4.75,4.75,,49.75,57.5,57.5,57.5,57.5,0.0,9.325,,54.5,,0.0,0.0
2024-04-01 13:00:00,5.0,5.0,1.06,5.0,5.0,,50.75,58.25,58.5,58.5,58.5,0.0,8.725,,55.5,,0.0,0.0
2024-04-01 14:00:00,5.0,5.0,1.06,5.0,5.0,,50.75,58.5,58.5,58.5,58.5,0.0,7.325,,58.25,,0.0,0.0
2024-04-01 15:00:00,5.0,5.0,1.06,5.0,5.0,,50.75,58.25,58.25,58.25,58.25,0.0,7.3,,58.25,,0.0,0.0
2024-04-01 16:00:00,5.0,5.0,1.06,5.0,5.0,,52.0,59.5,59.5,60.0,60.0,0.0,7.15,,59.0,,0.0,0.0
2024-04-01 17:00:00,5.0,5.0,1.06,5.0,5.0,,51.5,59.0,59.0,59.0,59.25,0.0,6.975,,59.0,,0.0,0.0
2024-04-01 18:00:00,4.5,4.75,1.06,4.75,4.75,,49.0,56.25,56.5,56.5,56.5,0.0,7.1,,59.25,,0.0,0.0
2024-04-01 19:00:00,4.0,4.75,1.06,5.0,5.0,,47.25,54.25,54.5,54.5,54.5,0.0,6.725,,60.75,,0.0,0.0
2024-04-01 20:00:00,4.0,4.0,1.06,4.0,4.0,,45.0,52.0,52.0,52.0,52.0,0.0,6.425,,61.75,,0.0,0.0
2024-04-01 21:00:00,4.0,4.0,1.06,4.0,4.0,,44.25,51.25,51.25,51.25,51.25,0.0,6.475,,62.25,,0.0,0.0
2024-04-01 22:00:00,4.0,4.0,1.06,4.0,4.0,,42.75,49.75,49.75,49.75,49.75,0.0,6.75,,62.0,,0.0,0.0
2024-04-01 23:00:00,4.0,4.0,1.06,4.0,4.0,,44.0,51.0,51.0,51.0,51.0,0.0,6.425000000000001,,63.0,,0.0,0.0
2024-04-02 00:00:00,4.0,5.0,1.06,5.0,5.0,,47.5,54.5,54.75,54.75,54.75,0.0,6.25,,63.25,,0.0,0.0
2024-04-02 01:00:00,4.5,5.0,1.06,5.0,5.0,,51.5,59.0,59.25,59.5,59.5,0.0,5.825,,65.5,,0.0,0.0
2024-04-02 02:00:00,5.0,5.75,1.06,5.75,5.75,,57.75,66.25,66.5,66.5,66.5,0.0,6.275,,65.25,,0.0,0.0
2024-04-02 03:00:00,6.5,7.25,1.06,7.25,7.25,,73.25,84.25,84.25,84.25,84.25,0.0,6.5,,65.25,,0.0,1.0
2024-04-02 04:00:00,9.0,10.75,1.06,10.0,10.0,,100.75,116.0,116.75,116.75,116.75,4.0,6.075,,67.5,,0.0,4.0
2024-04-02 05:00:00,11.5,13.25,1.06,12.25,12.5,,124.75,144.25,145.0,145.0,145.0,0.0,6.1,,68.0,,0.0,1.0
2024-04-02 06:00:00,12.0,13.75,1.06,13.0,13.25,,129.0,148.5,149.25,149.25,149.25,0.0,6.725,,66.0,,0.0,0.0
2024-04-02 07:00:00,9.25,11.0,1.06,10.25,10.25,,103.0,118.75,119.0,119.0,119.0,0.0,6.875,,65.0,,0.0,0.0
2024-04-02 08:00:00,8.75,10.25,1.06,9.75,9.75,,98.0,112.75,113.25,113.5,113.5,0.0,6.225,,66.25,,0.0,0.0
2024-04-02 09:00:00,11.5,13.5,1.06,12.5,12.5,,124.5,143.75,144.75,144.75,144.75,0.0,6.25,,66.25,,0.0,0.0
2024-04-02 10:00:00,12.75,14.75,1.06,13.75,13.75,,138.75,159.75,160.5,160.75,160.75,0.0,6.15,,65.75,,0.0,0.0
2024-04-02 11:00:00,12.25,14.25,1.06,13.5,13.5,,136.75,157.5,158.0,158.25,158.5,0.0,6.0,,64.25,,0.0,0.0
2024-04-02 12:00:00,18.75,21.0,1.06,20.0,20.25,,205.5,236.75,237.5,238.0,238.0,0.0,5.5,,65.0,,0.0,0.0
2024-04-02 13:00:00,20.75,23.5,1.06,22.75,22.75,,229.75,265.0,266.0,266.25,266.5,0.0,5.0,,65.25,,0.0,0.0
2024-04-02 14:00:00,27.0,31.75,1.06,29.75,30.5,,300.75,347.75,350.5,350.5,350.5,0.0,4.425,,66.5,,0.0,0.0
2024-04-02 15:00:00,29.0,33.5,1.06,32.25,33.25,,320.75,372.0,374.5,375.25,375.5,0.0,4.199999999999999,,67.0,,0.0,0.0
2024-04-02 16:00:00,31.75,37.25,1.06,37.25,37.75,,352.75,410.75,414.75,415.25,415.75,0.0,3.75,,68.75,,0.0,0.0
2024-04-02 17:00:00,34.5,42.0,1.06,42.0,43.0,,379.0,444.75,450.5,452.25,452.25,0.0,3.5,,69.0,,0.0,0.0
2024-04-02 18:00:00,29.75,36.75,1.06,37.75,39.0,,323.0,382.0,388.5,389.75,390.5,0.0,3.325,,70.0,,0.0,0.0
2024-04-02 19:00:00,29.25,37.0,1.06,38.5,40.25,,315.5,375.75,383.5,384.75,385.5,0.0,3.075,,70.5,,0.0,0.0
2024-04-02 20:00:00,24.75,31.0,1.06,31.25,32.75,,267.25,316.5,322.25,323.25,323.75,0.0,3.1500000000000004,,70.0,,0.0,0.0
2024-04-02 21:00:00,24.0,29.75,1.06,30.25,31.25,,260.25,307.5,312.5,313.5,313.75,0.0,3.45,,69.0,,0.0,0.0
2024-04-02 22:00:00,19.5,24.0,1.06,24.5,25.0,,215.5,253.75,257.25,258.25,258.25,0.0,3.375,,69.25,,0.0,0.0
2024-04-02 23:00:00,16.0,19.5,1.06,19.5,20.0,,177.0,207.5,210.25,211.0,211.25,0.0,2.875,,69.5,,0.0,0.0
2024-04-03 00:00:00,15.75,19.5,1.06,20.0,20.75,,168.0,199.75,203.75,204.25,204.5,0.0,2.625,,69.25,,0.0,0.0
2024-04-03 01:00:00,14.25,17.5,1.06,17.5,18.5,,154.75,182.75,185.75,186.5,186.5,0.0,2.375,,69.75,,0.0,0.0
2024-04-03 02:00:00,15.5,19.0,1.06,19.25,19.5,,173.25,203.5,206.25,207.0,207.0,0.0,2.35,,70.0,,0.0,0.0
2024-04-03 03:00:00,20.75,26.75,1.06,27.5,28.75,,223.0,265.75,271.5,272.5,273.0,0.0,2.9,,68.75,,0.0,0.0
2024-04-03 04:00:00,28.0,37.0,1.06,39.25,41.5,,295.25,355.75,365.25,367.0,367.5,0.0,3.675,,67.5,,0.0,0.0
2024-04-03 05:00:00,21.25,25.25,1.06,25.25,26.0,,232.0,271.5,274.75,275.0,275.25,0.0,4.449999999999999,,66.25,,0.0,0.0
2024-04-03 06:00:00,17.5,20.25,1.06,19.5,20.0,,192.0,222.5,223.75,224.25,224.75,0.0,5.275,,65.25,,0.0,0.0
2024-04-03 07:00:00,15.25,18.0,1.06,17.0,17.25,,168.5,194.75,196.25,196.25,196.5,0.0,5.8,,63.75,,0.0,0.0
2024-04-03 08:00:00,15.25,17.5,1.06,16.75,16.75,,163.25,188.75,189.75,189.75,189.75,0.0,7.5,,60.0,,0.0,0.0
2024-04-03 09:00:00,14.5,16.5,1.06,15.5,15.5,,151.5,174.75,175.75,176.0,176.0,0.0,8.775,,57.25,,0.0,0.0
2024-04-03 10:00:00,13.0,15.0,1.06,14.25,14.5,,138.75,159.75,160.75,160.75,160.75,0.0,9.5,,55.75,,2.0,0.0
2024-04-03 11:00:00,10.25,12.25,1.06,11.5,11.5,,113.25,130.5,131.0,131.0,131.25,0.0,8.625,,57.25,,0.0,0.0
2024-04-03 12:00:00,9.25,11.25,1.06,10.25,10.25,,102.25,117.5,118.0,118.0,118.0,0.0,7.5,,59.5,,0.0,0.0
2024-04-03 13:00:00,10.5,12.25,1.06,11.5,11.5,,115.25,132.5,133.25,133.25,133.25,0.0,6.3,,62.75,,0.0,0.0
2024-04-03 14:00:00,11.0,12.75,1.06,11.75,12.0,,121.25,139.5,140.25,140.25,140.25,0.0,5.4,,65.25,,0.0,0.0
2024-04-03 15:00:00,11.25,13.25,1.06,12.25,12.25,,125.25,144.5,144.75,145.25,145.25,0.0,5.074999999999999,,66.0,,0.0,0.0
2024-04-03 16:00:00,16.5,18.75,1.06,18.25,18.5,,183.75,212.0,213.0,213.0,213.25,0.0,4.85,,67.0,,0.0,0.0
2024-04-03 17:00:00,41.0,48.0,1.06,47.0,47.75,,450.75,523.75,528.5,529.5,529.5,0.0,4.725,,67.25,,0.0,0.0
2024-04-03 18:00:00,32.25,37.25,1.06,36.5,36.5,,361.25,418.0,421.25,421.25,421.5,0.0,4.075,,69.0,,0.0,0.0
2024-04-03 19:00:00,32.75,38.0,1.06,36.75,37.25,,366.25,423.75,426.5,427.0,427.25,0.0,4.1,,69.25,,0.0,0.0
2024-04-03 20:00:00,31.25,36.0,1.06,34.25,35.0,,350.75,405.0,407.25,408.0,408.0,0.0,3.825,,69.0,,0.0,0.0
2024-04-03 21:00:00,30.25,34.5,1.06,33.25,33.25,,336.25,388.5,391.0,391.25,391.25,0.0,4.0,,69.0,,0.0,0.0
2024-04-03 22:00:00,37.0,42.25,1.06,41.0,41.25,,413.25,478.0,481.25,481.5,481.5,0.0,3.925,,68.0,,0.0,0.0
2024-04-03 23:00:00,39.25,46.0,1.06,44.75,45.25,,439.25,510.0,514.0,514.5,514.75,0.0,3.7,,69.25,,0.0,0.0
2024-04-04 00:00:00,33.25,38.25,1.06,37.5,38.25,,370.25,429.75,433.0,433.5,433.75,0.0,3.625,,69.0,,0.0,0.0
2024-04-04 01:00:00,35.25,40.25,1.06,39.25,39.25,,384.75,445.0,447.5,448.25,448.25,0.0,5.8,,65.25,,0.0,0.0
2024-04-04 02:00:00,23.25,26.75,1.06,25.5,25.75,,242.25,279.5,281.0,281.0,281.0,0.0,12.25,,53.25,,0.0,0.0
2024-04-04 03:00:00,15.75,17.75,1.06,17.0,17.0,,161.75,186.5,187.25,187.25,187.25,0.0,12.05,,51.5,,0.0,0.0
2024-04-04 04:00:00,16.75,19.0,1.06,18.25,18.25,,174.5,201.25,202.0,202.25,202.25,4.0,10.3,,55.25,,0.0,4.0
2024-04-04 05:00:00,13.0,15.0,1.06,14.0,14.25,,138.25,159.0,159.5,160.0,160.0,0.0,10.325,,56.0,,0.0,0.0
2024-04-04 06:00:00,13.75,15.5,1.06,14.75,14.75,,142.75,164.25,165.0,165.0,165.0,0.0,11.775,,54.75,,0.0,0.0
2024-04-04 07:00:00,9.75,11.25,1.06,10.5,10.5,,98.0,112.75,112.75,113.0,113.0,0.0,14.325,,50.25,,0.0,0.0
2024-04-04 08:00:00,7.75,8.75,1.06,8.25,8.25,,76.5,88.0,88.25,88.25,88.25,0.0,16.725,,46.25,,0.0,0.0
2024-04-04 09:00:00,6.0,6.75,1.06,6.75,7.0,,60.75,69.75,69.75,69.75,69.75,0.0,18.1,,44.25,,0.0,0.0
2024-04-04 10:00:00,5.5,6.0,1.06,6.0,6.25,,55.0,63.25,64.0,64.0,64.0,0.0,18.175,,44.0,,0.0,0.0
2024-04-04 11:00:00,5.25,6.0,1.06,6.0,6.0,,53.0,61.5,61.5,61.5,61.5,0.0,17.425,,45.0,,0.0,0.0
2024-04-04 12:00:00,6.0,6.25,1.06,6.75,6.75,,59.75,68.5,69.0,69.0,69.0,0.0,15.7,,46.75,,0.0,0.0
2024-04-04 13:00:00,7.75,8.5,1.06,8.25,8.25,,79.5,91.75,91.75,91.75,91.75,0.0,13.325,,51.5,,0.0,0.0
2024-04-04 14:00:00,9.0,11.0,1.06,10.0,10.0,,95.75,110.25,110.75,110.75,110.75,0.0,11.75,,55.75,,0.0,0.0
2024-04-04 15:00:00,37.0,44.0,1.06,43.0,43.75,,382.25,445.25,449.5,450.25,450.75,0.0,10.9,,55.0,,0.0,0.0
2024-04-04 16:00:00,91.5,109.75,1.06,108.5,111.25,,946.5,1106.75,1119.5,1122.25,1122.75,0.0,9.675,,59.0,,0.0,0.0
2024-04-04 17:00:00,206.0,248.75,1.06,247.75,254.5,,2141.75,2508.75,2540.5,2546.5,2548.5,0.0,9.025,,60.25,,0.0,0.0
2024-04-04 18:00:00,20.5,24.75,1.06,23.75,24.25,,216.5,251.75,254.0,254.5,254.5,0.0,9.05,,59.25,,0.0,0.0
2024-04-04 19:00:00,16.0,18.5,1.06,18.0,18.25,,168.5,195.25,196.75,197.0,197.25,0.0,9.05,,60.0,,0.0,0.0
2024-04-04 20:00:00,16.25,18.5,1.06,17.75,18.25,,169.75,196.5,197.75,197.75,198.0,0.0,8.85,,61.75,,0.0,0.0
2024-04-04 21:00:00,12.25,14.25,1.06,13.5,13.5,,129.75,150.0,151.0,151.25,151.25,0.0,8.7,,62.75,,0.0,0.0
2024-04-04 22:00:00,21.25,25.0,1.06,24.5,25.0,,222.75,259.75,262.25,262.5,263.0,0.0,8.25,,62.75,,0.0,0.0
2024-04-04 23:00:00,13.5,16.0,1.06,15.25,15.75,,143.0,166.25,168.0,168.0,168.0,0.0,8.075,,61.5,,0.0,0.0
2024-04-05 00:00:00,10.5,12.25,1.06,12.0,12.0,,112.5,130.25,131.25,131.25,131.25,0.0,7.75,,61.25,,0.0,0.0
2024-04-05 01:00:00,7.75,8.5,1.06,8.25,8.25,,82.75,95.75,96.25,96.25,96.25,0.0,8.575,,59.25,,0.0,0.0
2024-04-05 02:00:00,6.75,7.25,1.06,7.5,7.5,,69.25,79.75,80.5,80.5,80.5,0.0,12.675,,52.0,,0.0,0.0
2024-04-05 03:00:00,7.25,8.0,1.06,8.25,8.75,,75.75,88.0,89.0,89.0,89.0,0.0,12.7,,51.25,,0.0,0.0
2024-04-05 04:00:00,7.5,8.75,1.06,9.0,9.0,,78.25,91.0,91.75,91.75,91.75,0.0,11.975,,54.25,,0.0,0.0
2024-04-05 05:00:00,7.0,8.0,1.06,8.0,8.25,,70.5,82.25,82.5,83.0,83.25,0.0,13.55,,52.5,,0.0,0.0
2024-04-05 06:00:00,3.0,3.75,1.06,4.5,4.5,,27.25,33.25,34.75,34.75,34.75,0.0,14.3,,49.75,,0.0,0.0
2024-04-05 07:00:00,3.25,4.5,1.06,5.0,5.25,,26.75,33.75,35.0,35.25,35.25,0.0,17.575,,44.25,,0.0,0.0
2024-04-05 08:00:00,2.5,3.25,1.06,3.5,4.25,,20.75,25.5,26.5,26.75,26.75,0.0,19.375,,41.5,,0.0,0.0
2024-04-05 09:00:00,3.0,4.0,1.06,5.25,5.75,,21.0,27.5,29.0,29.25,29.75,0.0,20.375,,39.75,,0.0,0.0
2024-04-05 10:00:00,3.0,4.25,1.06,5.0,5.5,,22.0,28.5,30.25,30.75,30.75,0.0,20.825,,39.5,,0.0,0.0
2024-04-05 11:00:00,2.75,5.0,1.06,6.0,6.75,,22.75,30.5,33.0,33.0,33.25,0.0,20.3,,37.25,,0.0,0.0
2024-04-05 12:00:00,4.5,7.5,1.06,9.0,10.0,,36.25,48.25,51.75,52.25,52.5,0.0,18.775,,40.0,,0.0,0.0
2024-04-05 13:00:00,6.75,10.0,1.06,11.5,12.5,,56.0,71.5,75.0,76.25,76.25,0.0,16.35,,44.25,,0.0,0.0
2024-04-05 14:00:00,8.75,14.0,1.06,16.0,17.5,,74.5,96.25,101.75,102.75,103.25,0.0,14.15,,48.5,,0.0,0.0
2024-04-05 15:00:00,19.75,26.75,1.06,29.25,31.0,,186.0,227.0,234.5,236.25,236.25,0.0,12.575,,52.5,,0.0,0.0
2024-04-05 16:00:00,205.5,254.0,1.06,257.75,266.75,,2064.75,2437.75,2478.0,2485.75,2488.0,0.0,11.275,,56.5,,0.0,0.0
2024-04-05 17:00:00,321.25,390.25,1.06,391.75,403.75,,3278.25,3850.25,3903.5,3914.0,3917.25,0.0,10.5,,58.75,,0.0,0.0
2024-04-05 18:00:00,330.25,402.25,1.06,404.25,416.5,,3382.75,3975.5,4031.5,4042.5,4046.0,0.0,9.95,,59.75,,0.0,0.0
2024-04-05 19:00:00,289.5,351.25,1.06,352.25,362.25,,2994.0,3514.75,3562.5,3572.0,3574.5,0.0,9.125,,61.25,,0.0,0.0
2024-04-05 20:00:00,264.25,319.5,1.06,319.5,328.75,,2755.25,3231.75,3274.25,3282.5,3285.0,0.0,8.35,,62.5,,0.0,0.0
2024-04-05 21:00:00,208.25,251.25,1.06,251.0,258.0,,2191.75,2569.75,2603.0,2609.75,2611.5,0.0,7.425,,63.0,,0.0,0.0
2024-04-05 22:00:00,105.0,129.0,1.06,131.25,135.5,,1099.75,1296.75,1317.5,1321.75,1323.0,0.0,6.95,,64.0,,0.0,0.0
2024-04-05 23:00:00,96.25,132.0,1.06,143.0,152.75,,957.25,1170.75,1209.5,1217.75,1219.75,0.0,6.575,,64.25,,0.0,0.0
2024-04-06 00:00:00,80.75,115.75,1.06,128.0,137.75,,788.5,979.5,1019.25,1027.5,1029.75,0.0,6.05,,65.0,,0.0,0.0
2024-04-06 01:00:00,71.5,93.0,1.06,97.25,102.25,,716.75,859.5,880.25,884.5,885.75,0.0,9.0,,61.5,,0.0,0.0
2024-04-06 02:00:00,62.75,76.5,1.06,77.0,79.5,,595.25,700.75,711.0,712.75,713.5,0.0,17.825,,47.5,,0.0,0.0
2024-04-06 03:00:00,27.75,31.75,1.06,30.5,30.75,,267.5,308.75,310.75,311.0,311.0,0.0,18.55,,45.25,,0.0,0.0
2024-04-06 04:00:00,25.5,29.75,1.06,28.25,28.75,,255.75,295.25,297.25,297.75,297.75,0.0,14.95,,48.0,,0.0,0.0
2024-04-06 05:00:00,14.5,17.5,1.06,17.0,17.5,,145.75,170.0,171.5,172.0,172.25,0.0,15.175,,46.25,,0.0,0.0
2024-04-06 06:00:00,8.25,9.5,1.06,9.5,9.5,,81.0,94.25,95.0,95.25,95.25,0.0,15.575,,42.75,,0.0,0.0
2024-04-06 07:00:00,5.0,6.0,1.06,6.25,6.5,,48.25,56.75,57.5,58.0,58.0,0.0,17.775,,42.0,,0.0,0.0
2024-04-06 08:00:00,4.75,5.25,1.06,6.25,6.25,,44.75,52.5,53.5,53.5,53.75,0.0,19.325,,40.75,,0.0,0.0
2024-04-06 09:00:00,4.0,5.0,1.06,5.0,5.25,,38.5,45.0,46.0,46.0,46.0,0.0,18.3,,40.75,,0.0,0.0
2024-04-06 10:00:00,4.25,4.5,1.06,5.25,5.25,,40.25,47.0,47.75,47.75,47.75,0.0,17.7,,42.0,,0.0,0.0
2024-04-06 11:00:00,4.75,5.25,1.06,5.75,5.75,,48.25,56.25,56.75,56.75,56.75,0.0,16.625,,45.0,,0.0,0.0
2024-04-06 12:00:00,6.0,6.25,1.06,6.5,6.5,,59.25,68.5,69.0,69.0,69.0,0.0,15.775,,47.25,,0.0,0.0
2024-04-06 13:00:00,9.0,10.25,1.06,10.0,10.0,,90.0,103.75,104.25,104.25,104.5,0.0,13.8,,53.5,,0.0,0.0
2024-04-06 14:00:00,11.5,13.5,1.06,12.5,13.0,,119.5,137.25,138.25,138.25,138.25,0.0,11.675,,56.75,,0.0,0.0
2024-04-06 15:00:00,15.25,17.75,1.06,17.5,17.75,,159.0,184.25,185.75,186.25,186.25,0.0,10.525,,57.75,,0.0,0.0
2024-04-06 16:00:00,23.75,28.0,1.06,27.25,27.75,,248.5,288.75,291.0,291.75,291.75,0.0,9.85,,58.75,,0.0,0.0
2024-04-06 17:00:00,19.0,22.25,1.06,21.75,22.25,,200.5,232.75,235.0,235.0,235.25,0.0,9.325,,58.0,,0.0,0.0
2024-04-06 18:00:00,40.5,50.0,1.06,51.0,52.5,,414.25,489.25,497.5,499.25,499.5,0.0,8.65,,58.5,,0.0,0.0
2024-04-06 19:00:00,29.25,35.75,1.06,36.0,37.5,,304.0,358.0,363.75,364.75,364.75,0.0,7.525,,62.0,,0.0,0.0
2024-04-06 20:00:00,19.5,22.0,1.06,21.0,21.25,,209.25,241.5,243.0,243.25,243.25,0.0,6.7,,71.25,,0.0,0.0
2024-04-06 21:00:00,14.0,16.25,1.06,15.5,16.0,,148.75,172.75,174.5,174.5,174.5,0.0,5.875,,76.5,,0.0,0.0
2024-04-06 22:00:00,13.75,16.25,1.06,15.75,16.0,,149.75,173.75,175.25,175.5,175.75,0.0,5.875,,76.75,,0.0,0.0
2024-04-06 23:00:00,14.0,16.0,1.06,16.0,16.0,,151.5,175.5,177.25,177.25,177.25,0.0,5.925000000000001,,76.0,,0.0,0.0
2024-04-07 00:00:00,10.25,11.75,1.06,11.25,11.25,,111.75,129.0,129.75,129.75,129.75,0.0,5.75,,75.0,,0.0,0.0
2024-04-07 01:00:00,6.75,7.25,1.06,7.5,7.75,,74.0,85.5,85.75,86.0,86.0,0.0,5.300000000000001,,74.5,,0.0,0.0
2024-04-07 02:00:00,8.25,9.25,1.06,9.25,9.5,,91.0,105.5,105.75,106.0,106.25,0.0,5.25,,73.0,,0.0,0.0
2024-04-07 03:00:00,5.25,5.75,1.06,5.75,5.75,,60.25,69.25,69.5,69.5,69.5,0.0,5.025,,72.25,,0.0,0.0
2024-04-07 04:00:00,4.75,5.5,1.06,5.5,5.5,,53.5,62.0,62.0,62.0,62.0,0.0,5.0,,71.5,,0.0,0.0
2024-04-07 05:00:00,6.25,7.25,1.06,7.25,7.25,,71.75,82.5,83.25,83.5,83.5,0.0,5.35,,69.5,,0.0,0.0
2024-04-07 06:00:00,11.0,13.25,1.06,12.5,12.75,,120.25,139.5,140.75,141.0,141.0,0.0,5.625,,69.5,,0.0,0.0
2024-04-07 07:00:00,8.5,9.5,1.06,9.0,9.0,,93.75,108.25,108.5,108.5,108.75,0.0,6.525,,67.5,,0.0,0.0
2024-04-07 08:00:00,10.75,12.75,1.06,12.0,12.0,,119.5,137.75,138.5,138.75,138.75,0.0,7.175,,67.0,,0.0,0.0
2024-04-07 09:00:00,11.75,13.75,1.06,12.75,12.75,,128.25,148.0,148.5,148.75,148.75,0.0,7.275,,67.0,,0.0,0.0
2024-04-07 10:00:00,13.5,15.5,1.06,14.5,14.5,,144.5,166.25,167.0,167.25,167.25,0.0,7.975,,66.0,,0.0,0.0
2024-04-07 11:00:00,14.25,16.25,1.06,15.25,15.25,,150.5,173.25,174.0,174.0,174.0,0.0,9.425,,63.5,,0.0,0.0
2024-04-07 12:00:00,13.75,15.75,1.06,15.25,15.25,,147.75,170.25,171.25,171.25,171.25,0.0,9.45,,64.25,,0.0,0.0
2024-04-07 13:00:00,17.25,19.5,1.06,18.75,18.75,,185.0,213.0,214.0,214.25,214.25,0.0,7.9,,67.0,,0.0,0.0
2024-04-07 14:00:00,15.0,17.25,1.06,16.25,16.25,,162.25,187.5,188.25,188.25,188.25,0.0,7.175,,69.25,,0.0,0.0
2024-04-07 15:00:00,11.5,13.25,1.06,12.25,12.25,,124.0,143.0,143.75,143.75,143.75,0.0,7.2,,69.5,,0.0,0.0
2024-04-07 16:00:00,9.5,11.5,1.06,10.5,10.5,,106.25,122.5,123.0,123.0,123.0,0.0,6.6,,69.75,,0.0,0.0
2024-04-07 17:00:00,11.25,13.0,1.06,12.5,12.75,,122.5,142.0,142.75,143.0,143.0,0.0,6.15,,71.0,,0.0,0.0
2024-04-07 18:00:00,11.25,13.25,1.06,12.25,12.25,,120.75,139.5,140.5,140.75,140.75,0.0,6.275,,70.75,,0.0,0.0
2024-04-07 19:00:00,8.75,10.25,1.06,9.75,9.75,,96.25,111.5,111.75,112.25,112.25,0.0,6.425000000000001,,70.0,,0.0,0.0
2024-04-07 20:00:00,8.25,10.0,1.06,9.0,9.0,,92.25,106.25,106.75,106.75,106.75,0.0,6.55,,69.75,,0.0,0.0
2024-04-07 21:00:00,8.5,10.0,1.06,9.0,9.0,,91.75,105.75,106.5,106.5,106.5,0.0,7.125,,68.75,,0.0,0.0
2024-04-07 22:00:00,9.0,10.5,1.06,9.5,9.5,,96.5,111.5,111.75,111.75,111.75,0.0,7.6,,68.75,,0.0,0.0
2024-04-07 23:00:00,10.0,11.75,1.06,10.75,11.0,,108.0,124.5,125.0,125.0,125.0,0.0,8.05,,68.0,,0.0,0.0
2024-04-08 00:00:00,13.0,15.0,1.06,14.25,14.25,,140.75,162.5,162.75,163.0,163.25,0.0,8.5,,68.75,,0.0,0.0
2024-04-08 01:00:00,14.75,16.75,1.06,15.75,15.75,,159.25,183.0,183.75,184.0,184.0,0.0,8.825,,69.0,,0.0,0.0
2024-04-08 02:00:00,12.0,14.0,1.06,13.0,13.0,,129.0,148.5,149.5,149.5,149.5,0.0,9.1,,68.0,,0.0,0.0
2024-04-08 03:00:00,10.5,12.0,1.06,11.25,11.25,,109.25,125.75,126.5,126.5,126.5,0.0,10.575,,67.0,,0.0,0.0
2024-04-08 04:00:00,9.0,10.25,1.06,9.5,9.5,,93.0,106.75,107.0,107.0,107.25,0.0,12.475,,65.0,,0.0,0.0
2024-04-08 05:00:00,7.75,8.5,1.06,8.5,8.5,,80.5,92.25,92.25,92.5,92.5,0.0,13.55,,64.75,,0.0,1.0
2024-04-08 06:00:00,6.25,6.5,1.06,6.5,6.5,,62.75,72.0,72.0,72.0,72.0,0.0,15.675,,61.75,,4.0,1.0
2024-04-08 07:00:00,4.5,4.5,1.06,4.5,4.5,,45.75,52.25,52.25,52.25,52.25,0.0,16.725,,58.75,,0.0,0.0
2024-04-08 08:00:00,4.25,4.75,1.06,4.75,4.75,,42.25,48.5,48.5,48.5,48.5,0.0,18.15,,54.75,,0.0,0.0
2024-04-08 09:00:00,5.5,6.0,1.06,6.0,6.0,,54.5,62.75,62.75,62.75,62.75,0.0,18.725,,52.75,,0.0,0.0
2024-04-08 10:00:00,8.25,8.5,1.06,8.25,8.25,,78.75,90.25,90.75,90.75,90.75,0.0,17.325,,56.0,,0.0,0.0
2024-04-08 11:00:00,6.0,6.0,1.06,6.0,6.0,,60.5,69.25,70.0,70.0,70.0,0.0,13.975,,62.75,,0.0,0.0
2024-04-08 12:00:00,8.0,8.75,1.06,8.25,8.25,,81.25,93.25,93.25,93.25,93.25,0.0,13.15,,65.25,,0.0,0.0
2024-04-08 13:00:00,11.5,13.0,1.06,12.25,12.25,,117.75,135.75,135.75,135.75,135.75,0.0,12.975,,65.25,,0.0,0.0
2024-04-08 14:00:00,12.0,14.0,1.06,13.0,13.0,,126.25,145.0,145.25,145.5,145.5,0.0,12.35,,66.75,,0.0,0.0
2024-04-08 15:00:00,9.0,10.0,1.06,9.5,9.5,,93.75,108.0,108.0,108.0,108.0,0.0,11.5,,68.0,,0.0,0.0
2024-04-08 16:00:00,19.0,22.25,1.06,20.75,20.75,,200.0,230.25,231.25,231.75,232.0,0.0,11.1,,69.75,,0.0,0.0
2024-04-08 17:00:00,8.0,9.25,1.06,8.75,8.75,,86.0,98.5,99.0,99.0,99.0,0.0,10.6,,70.0,,0.0,0.0
2024-04-08 18:00:00,8.75,9.75,1.06,9.5,9.5,,92.0,105.5,106.0,106.25,106.25,0.0,10.175,,68.0,,0.0,0.0
2024-04-08 19:00:00,9.5,11.0,1.06,10.25,10.25,,100.75,115.5,116.5,116.5,116.5,0.0,9.7,,70.25,,0.0,0.0
2024-04-08 20:00:00,9.25,11.0,1.06,10.25,10.25,,99.75,115.0,115.25,115.5,115.5,0.0,8.625,,73.75,,0.0,0.0
2024-04-08 21:00:00,8.75,10.75,1.06,9.75,9.75,,96.5,111.5,112.0,112.0,112.0,0.0,7.45,,76.5,,0.0,0.0
2024-04-08 22:00:00,10.0,11.75,1.06,11.0,11.0,,108.5,125.25,125.5,125.5,125.5,0.0,7.475,,74.25,,0.0,0.0
2024-04-08 23:00:00,9.5,11.5,1.06,10.5,10.5,,102.0,117.5,118.25,118.25,118.25,0.0,7.575,,72.75,,0.0,0.0
2024-04-09 00:00:00,9.75,11.5,1.06,10.75,10.75,,105.75,121.75,122.5,122.75,122.75,0.0,7.325,,72.25,,0.0,0.0
2024-04-09 01:00:00,8.25,9.5,1.06,9.25,9.25,,87.5,101.0,101.75,101.75,101.75,0.0,7.35,,71.75,,0.0,0.0
2024-04-09 02:00:00,10.25,12.25,1.06,11.25,11.25,,110.25,127.5,128.0,128.0,128.0,0.0,6.824999999999999,,72.75,,0.0,0.0
2024-04-09 03:00:00,9.5,11.25,1.06,10.75,10.75,,104.5,120.75,121.25,121.5,121.5,0.0,6.8,,72.0,,0.0,0.0
2024-04-09 04:00:00,9.0,10.5,1.06,10.0,10.0,,98.75,114.0,114.5,114.5,114.5,0.0,7.025,,70.5,,0.0,0.0
2024-04-09 05:00:00,6.5,6.75,1.06,6.75,6.75,,69.25,79.75,80.5,80.5,80.5,0.0,6.75,,70.5,,0.0,0.0
2024-04-09 06:00:00,5.75,6.25,1.06,6.25,6.25,,62.75,72.0,72.5,72.5,72.5,0.0,7.375,,68.5,,0.0,0.0
2024-04-09 07:00:00,6.0,6.5,1.06,6.5,6.5,,66.0,76.0,76.0,76.0,76.0,0.0,8.05,,67.5,,0.0,0.0
2024-04-09 08:00:00,4.5,5.0,1.06,5.0,5.0,,48.25,55.5,55.75,55.75,55.75,0.0,9.475,,65.0,,0.0,0.0
2024-04-09 09:00:00,5.25,5.5,1.06,5.5,5.5,,55.5,63.75,63.75,63.75,63.75,0.0,9.425,,65.25,,0.0,0.0
2024-04-09 10:00:00,7.25,7.5,1.06,7.75,7.75,,75.25,87.0,87.25,87.25,87.25,0.0,9.425,,66.75,,0.0,0.0
2024-04-09 11:00:00,6.25,7.0,1.06,7.25,7.25,,68.5,79.0,79.5,79.5,79.5,0.0,9.325,,68.5,,0.0,0.0
2024-04-09 12:00:00,3.75,3.75,1.06,3.75,3.75,,37.5,42.75,42.75,42.75,42.75,0.0,9.775,,67.5,,0.0,0.0
2024-04-09 13:00:00,3.5,3.5,1.06,3.5,3.5,,36.25,41.75,41.75,41.75,41.75,0.0,8.5,,70.0,,0.0,0.0
2024-04-09 14:00:00,3.25,3.75,1.06,3.75,3.75,,38.75,44.5,44.5,44.5,44.5,0.0,7.975,,71.0,,0.0,0.0
2024-04-09 15:00:00,3.5,3.5,1.06,3.75,3.75,,38.0,43.5,43.5,43.5,43.5,0.0,8.25,,70.5,,0.0,0.0
2024-04-09 16:00:00,4.0,4.0,1.06,4.0,4.25,,41.5,48.0,48.0,48.0,48.0,0.0,8.05,,71.75,,0.0,0.0
2024-04-09 17:00:00,4.25,4.25,1.06,4.25,4.25,,45.0,51.75,52.0,52.0,52.0,0.0,8.275,,72.5,,0.0,0.0
2024-04-09 18:00:00,7.0,7.5,1.06,7.5,7.5,,74.0,85.25,86.0,86.0,86.0,0.0,8.325,,74.25,,0.0,0.0
2024-04-09 19:00:00,8.75,10.25,1.06,9.5,9.75,,95.0,109.5,110.0,110.0,110.0,0.0,8.125,,74.25,,0.0,0.0
2024-04-09 20:00:00,8.0,9.0,1.06,8.5,8.5,,86.0,99.0,99.5,99.5,99.5,0.0,7.275,,72.5,,0.0,0.0
2024-04-09 21:00:00,7.0,8.25,1.06,8.0,8.0,,79.0,91.0,91.25,91.25,91.25,0.0,6.625,,71.0,,0.0,0.0
2024-04-09 22:00:00,6.25,6.75,1.06,6.75,7.0,,68.75,79.0,79.75,79.75,79.75,0.0,6.5,,70.0,,0.0,0.0
2024-04-09 23:00:00,7.75,8.75,1.06,8.25,8.5,,85.0,97.75,98.25,98.25,98.25,0.0,6.7,,68.75,,0.0,0.0
2024-04-10 00:00:00,8.25,9.25,1.06,8.75,9.0,,91.25,104.5,105.25,105.25,105.25,0.0,6.6,,69.5,,0.0,0.0
2024-04-10 01:00:00,6.0,6.25,1.06,6.5,6.5,,65.75,76.0,76.25,76.25,76.25,0.0,7.475,,67.0,,0.0,0.0
2024-04-10 02:00:00,5.75,6.0,1.06,6.0,6.0,,61.25,70.5,70.5,70.5,70.5,0.0,8.675,,64.25,,0.0,0.0
2024-04-10 03:00:00,5.25,5.75,1.06,5.75,5.75,,57.0,65.25,65.5,65.5,65.5,0.0,8.975,,65.0,,0.0,0.0
2024-04-10 04:00:00,5.25,5.5,1.06,5.5,5.5,,56.25,64.5,64.5,64.5,64.5,0.0,8.55,,67.0,,0.0,0.0
2024-04-10 05:00:00,4.75,4.75,1.06,4.75,4.75,,50.75,58.0,58.0,58.0,58.0,0.0,9.85,,64.75,,0.0,0.0
2024-04-10 06:00:00,5.0,5.333333333333333,1.06,5.333333333333333,5.333333333333333,,51.66666666666666,59.333333333333336,59.66666666666666,59.66666666666666,59.66666666666666,0.0,11.166666666666666,,63.333333333333336,,0.0,0.0
2024-04-10 07:00:00,5.25,5.75,1.06,5.75,5.75,,56.75,65.0,65.25,65.25,65.25,0.0,11.45,,63.0,,0.0,0.25
2024-04-10 08:00:00,4.5,4.5,1.06,4.5,4.5,,44.75,51.25,51.5,51.5,51.5,0.0,12.375,,57.75,,0.0,0.0
2024-04-10 09:00:00,4.5,4.5,1.06,4.5,4.5,,46.25,53.5,53.5,53.5,53.5,0.0,12.275,,58.0,,0.0,0.0
2024-04-10 10:00:00,4.25,4.5,1.06,4.5,4.5,,44.5,51.5,51.75,51.75,51.75,0.0,11.675,,59.0,,0.0,0.0
2024-04-10 11:00:00,3.0,3.25,1.06,3.25,3.25,,31.0,35.5,35.5,35.5,35.5,0.0,12.125,,56.25,,0.0,0.0
2024-04-10 12:00:00,2.25,2.5,1.06,2.5,2.5,,24.25,28.5,28.5,28.5,28.5,0.0,12.375,,54.0,,0.0,0.0
2024-04-10 13:00:00,3.0,3.5,1.06,3.5,3.5,,31.5,36.5,37.0,37.25,37.25,0.0,11.5,,57.0,,0.0,0.0
2024-04-10 14:00:00,5.0,5.5,1.06,5.5,5.5,,53.25,61.25,61.25,61.25,61.25,0.0,10.45,,63.0,,0.0,0.0
2024-04-10 15:00:00,6.25,6.25,1.06,6.5,6.5,,66.25,76.5,76.5,76.5,76.5,0.0,8.85,,67.75,,0.0,0.0
2024-04-10 16:00:00,7.75,9.0,1.06,8.75,8.75,,86.5,99.5,99.75,99.75,99.75,0.0,7.0,,67.0,,0.0,0.0
2024-04-10 17:00:00,7.0,7.75,1.06,7.5,7.5,,75.75,87.25,87.5,87.75,87.75,0.0,5.425,,68.5,,0.0,0.0
2024-04-10 18:00:00,7.5,8.75,1.06,8.25,8.25,,83.25,96.5,97.0,97.25,97.25,0.0,4.875,,69.5,,0.0,0.0
2024-04-10 19:00:00,6.5,7.0,1.06,7.25,7.25,,72.75,84.25,84.5,84.75,84.75,0.0,4.275,,69.25,,0.0,0.0
2024-04-10 20:00:00,5.25,5.75,1.06,5.75,5.75,,59.25,68.25,69.0,69.0,69.0,0.0,4.45,,69.0,,0.0,0.0
2024-04-10 21:00:00,3.75,4.0,1.06,4.0,4.0,,40.5,46.75,47.25,47.25,47.25,0.0,4.375,,67.75,,0.0,0.0
2024-04-10 22:00:00,3.75,3.75,1.06,3.75,3.75,,41.25,47.5,47.75,47.75,47.75,0.0,4.25,,69.25,,0.0,0.0
2024-04-10 23:00:00,3.5,3.5,1.06,3.5,3.5,,36.75,42.0,42.25,42.25,42.25,0.0,4.575,,69.75,,0.0,0.0
2024-04-11 00:00:00,4.75,5.5,1.06,5.5,5.5,,55.0,63.75,64.0,64.0,64.0,0.0,4.325,,70.75,,0.0,0.0
2024-04-11 01:00:00,5.5,6.0,1.06,6.5,6.5,,61.75,71.5,72.0,72.0,72.0,0.0,4.375,,67.5,,0.0,0.0
2024-04-11 02:00:00,4.75,4.75,1.06,4.75,4.75,,48.75,56.0,56.5,56.5,56.5,0.0,4.5,,66.75,,0.0,0.0
2024-04-11 03:00:00,3.75,4.0,1.06,4.0,4.0,,39.75,45.5,46.25,46.25,46.25,0.0,5.6,,61.25,,0.0,0.0
2024-04-11 04:00:00,4.0,4.0,1.06,4.0,4.0,,41.75,48.0,48.25,48.25,48.5,0.0,6.125,,59.5,,2.0,1.0
2024-04-11 05:00:00,3.25,3.5,1.06,3.75,3.75,,37.0,43.0,43.0,43.25,43.25,0.0,5.775,,59.75,,0.0,0.0
2024-04-11 06:00:00,3.0,3.25,1.06,3.25,3.25,,35.0,40.25,40.5,40.5,40.5,0.0,6.575,,56.5,,0.0,0.0
2024-04-11 07:00:00,3.25,4.0,1.06,4.0,4.0,,37.5,43.25,43.5,43.5,43.5,0.0,7.475,,51.5,,0.0,0.0
2024-04-11 08:00:00,3.25,4.0,1.06,4.25,4.25,,38.0,44.0,44.5,44.5,44.5,0.0,8.2,,50.5,,0.0,0.0
2024-04-11 09:00:00,3.5,3.5,1.06,3.75,3.75,,35.25,41.0,41.5,41.5,41.5,0.0,7.275,,53.25,,0.0,0.0
2024-04-11 10:00:00,3.0,3.25,1.06,3.5,3.5,,34.25,39.25,39.75,39.75,39.75,0.0,6.9,,53.75,,0.0,0.0
2024-04-11 11:00:00,4.5,4.75,1.06,4.75,4.75,,48.5,55.75,55.75,55.75,55.75,0.0,5.7250000000000005,,57.0,,0.0,0.0
2024-04-11 12:00:00,4.5,4.75,1.06,5.0,5.0,,47.5,55.25,56.0,56.0,56.0,0.0,5.775,,53.25,,0.0,0.0
2024-04-11 13:00:00,6.0,7.0,1.06,7.0,7.25,,67.75,78.25,79.0,79.0,79.25,0.0,5.525,,52.75,,0.0,0.0
2024-04-11 14:00:00,10.75,12.5,1.06,12.25,12.75,,115.0,134.25,135.75,136.0,136.0,0.0,5.05,,52.75,,0.0,0.0
2024-04-11 15:00:00,17.0,20.5,1.06,20.5,21.25,,186.5,217.75,220.5,221.25,221.25,0.0,5.025,,51.0,,0.0,0.0
2024-04-11 16:00:00,19.25,23.0,1.06,23.0,24.0,,209.0,245.0,248.25,248.5,248.75,0.0,4.5,,50.75,,0.0,0.0
2024-04-11 17:00:00,24.25,29.75,1.06,30.0,31.5,,264.0,311.25,316.0,317.0,317.0,0.0,3.95,,53.0,,0.0,0.0
2024-04-11 18:00:00,36.75,45.5,1.06,46.0,47.75,,401.5,473.5,481.0,482.5,483.0,0.0,3.475,,56.5,,0.0,0.0
2024-04-11 19:00:00,49.75,62.5,1.06,64.0,66.25,,539.0,639.25,650.5,652.5,653.5,0.0,3.3,,58.5,,0.0,0.0
2024-04-11 20:00:00,38.25,47.5,1.06,48.25,50.0,,414.75,490.75,498.75,500.75,501.0,0.0,3.275,,58.5,,0.0,0.0
2024-04-11 21:00:00,32.25,39.5,1.06,40.5,41.75,,350.0,413.0,419.5,421.0,421.5,0.0,3.175,,58.0,,0.0,0.0
2024-04-11 22:00:00,13.25,16.0,1.06,15.75,15.75,,148.5,173.5,175.5,175.5,175.5,0.0,2.675,,62.25,,0.0,0.0
2024-04-11 23:00:00,10.5,12.5,1.06,12.0,12.25,,114.75,134.0,135.25,135.25,135.5,0.0,2.975,,59.5,,0.0,0.0
2024-04-12 00:00:00,11.5,14.0,1.06,14.0,14.25,,129.0,150.75,152.75,153.0,153.0,0.0,3.0,,57.75,,0.0,0.0
2024-04-12 01:00:00,13.75,16.5,1.06,16.5,17.25,,144.75,170.0,172.5,173.0,173.0,0.0,6.3,,55.25,,0.0,0.0
2024-04-12 02:00:00,5.0,6.0,1.06,6.0,6.0,,55.75,64.25,64.5,64.5,64.5,0.0,10.725,,48.25,,0.0,0.0
2024-04-12 03:00:00,4.5,4.5,1.06,4.5,4.5,,45.5,52.0,52.25,52.25,52.25,0.0,10.725,,46.75,,0.0,0.0
2024-04-12 04:00:00,4.5,4.5,1.06,4.5,4.5,,47.0,54.5,54.5,54.5,54.5,0.0,7.475,,51.5,,0.0,0.0
2024-04-12 05:00:00,4.0,4.5,1.06,4.75,4.75,,46.75,53.75,53.75,54.0,54.0,0.0,7.5,,52.0,,0.0,0.0
2024-04-12 06:00:00,3.25,3.5,1.06,3.5,3.5,,35.5,40.5,40.75,40.75,40.75,0.0,8.175,,51.25,,0.0,0.0
2024-04-12 07:00:00,2.75,3.0,1.06,3.0,3.0,,29.0,33.5,33.5,33.5,33.5,0.0,9.775,,48.5,,0.0,0.0
2024-04-12 08:00:00,2.75,3.0,1.06,3.0,3.0,,28.25,32.75,33.0,33.0,33.0,0.0,11.05,,43.75,,0.0,0.0
2024-04-12 09:00:00,2.0,2.25,1.06,2.5,2.5,,20.0,23.25,23.75,23.75,23.75,0.0,11.675,,44.5,,0.0,0.0
2024-04-12 10:00:00,1.25,1.75,1.06,2.0,2.0,,14.5,17.0,17.0,17.0,17.0,0.0,10.7,,45.0,,0.0,0.0
2024-04-12 11:00:00,1.25,1.5,1.06,1.75,1.75,,14.75,17.0,17.0,17.5,17.5,0.0,11.125,,45.5,,0.0,0.0
2024-04-12 12:00:00,1.5,1.75,1.06,2.0,2.0,,16.0,19.0,19.0,19.0,19.0,0.0,11.5,,46.0,,0.0,0.0
2024-04-12 13:00:00,2.25,2.25,1.06,2.25,2.25,,21.25,24.75,24.75,24.75,24.75,0.0,10.725,,47.5,,0.0,0.0
2024-04-12 14:00:00,3.25,3.75,1.06,4.0,4.25,,33.75,39.75,40.5,40.5,40.5,0.0,9.775,,50.5,,0.0,0.0
2024-04-12 15:00:00,2.75,3.75,1.06,3.75,3.75,,31.0,36.5,37.0,37.5,37.5,0.0,9.2,,51.5,,0.0,0.0
2024-04-12 16:00:00,3.0,3.0,1.06,3.0,3.25,,28.5,33.0,33.25,33.25,33.25,0.0,8.850000000000001,,51.0,,0.0,0.0
2024-04-12 17:00:00,3.0,3.5,1.06,3.75,3.75,,32.25,38.0,38.25,38.25,38.25,0.0,8.95,,50.0,,0.0,0.0
2024-04-12 18:00:00,2.25,2.75,1.06,2.75,3.0,,24.75,28.75,28.75,29.0,29.0,0.0,9.175,,49.25,,0.0,0.0
2024-04-12 19:00:00,2.25,2.25,1.06,2.25,2.25,,21.75,25.0,25.25,25.25,25.25,0.0,9.475,,48.0,,0.0,0.0
2024-04-12 20:00:00,1.25,2.0,1.06,2.0,2.0,,15.75,17.75,18.0,18.0,18.0,0.0,9.5,,50.75,,0.0,0.0
2024-04-12 21:00:00,1.0,1.5,1.06,1.75,1.75,,14.25,16.25,16.25,16.25,16.25,0.0,9.15,,52.5,,0.0,0.0
2024-04-12 22:00:00,1.0,1.0,1.06,1.0,1.0,,12.25,14.0,14.0,14.0,14.0,0.0,9.325,,51.75,,0.0,0.0
2024-04-12 23:00:00,1.0,1.0,1.06,1.0,1.0,,12.75,14.5,14.5,14.5,14.5,0.0,9.15,,52.75,,0.0,0.0
2024-04-13 00:00:00,1.0,1.0,1.06,1.0,1.0,,12.5,14.5,14.5,14.5,14.5,0.0,8.575,,54.5,,0.0,0.0
2024-04-13 01:00:00,1.0,1.0,1.06,1.0,1.0,,13.5,15.5,15.5,15.5,15.5,0.0,8.675,,54.75,,0.0,0.0
2024-04-13 02:00:00,1.5,1.75,1.06,1.75,1.75,,16.5,19.0,19.0,19.0,19.0,0.0,9.0,,54.0,,0.0,0.0
2024-04-13 03:00:00,2.0,2.0,1.06,2.0,2.0,,21.5,24.75,25.0,25.0,25.0,0.0,10.4,,51.5,,0.0,0.0
2024-04-13 04:00:00,2.25,2.25,1.06,2.25,2.25,,20.75,24.0,24.0,24.25,24.25,0.0,11.325,,49.25,,0.0,0.0
2024-04-13 05:00:00,3.0,3.5,1.06,3.5,3.5,,31.75,36.75,36.75,36.75,36.75,0.0,11.85,,49.75,,0.0,0.0
2024-04-13 06:00:00,3.75,4.25,1.06,4.25,4.25,,38.25,44.25,44.5,44.75,44.75,0.0,13.55,,51.0,,0.0,0.0
2024-04-13 07:00:00,3.25,3.75,1.06,3.75,3.75,,33.5,38.75,38.75,38.75,38.75,0.0,15.275,,50.5,,0.0,0.0
2024-04-13 08:00:00,3.25,3.25,1.06,3.5,3.5,,32.75,37.75,37.75,37.75,38.0,0.0,17.325,,48.75,,0.0,0.0
2024-04-13 09:00:00,2.5,2.5,1.06,3.0,3.0,,25.0,28.75,29.0,29.0,29.0,0.0,18.15,,47.5,,0.0,0.0
2024-04-13 10:00:00,2.0,2.0,1.06,2.0,2.0,,18.5,21.75,21.75,21.75,21.75,0.0,18.15,,48.0,,0.0,0.0
2024-04-13 11:00:00,3.25,3.5,1.06,3.5,4.0,,32.0,37.0,37.0,37.25,37.25,0.0,17.85,,47.5,,0.0,0.0
2024-04-13 12:00:00,2.0,2.0,1.06,2.0,2.0,,17.5,20.5,20.5,20.5,20.5,0.0,16.775,,51.25,,0.0,0.0
2024-04-13 13:00:00,2.5,3.25,1.06,3.25,3.25,,26.75,30.75,30.75,31.0,31.0,0.0,16.35,,52.5,,0.0,0.0
2024-04-13 14:00:00,3.75,3.75,1.06,3.75,3.75,,34.75,40.25,40.25,40.25,40.25,0.0,15.95,,53.0,,0.0,0.0
2024-04-13 15:00:00,3.25,3.75,1.06,3.75,3.75,,33.5,39.0,39.0,39.0,39.0,0.0,15.725,,53.75,,0.0,0.0
2024-04-13 16:00:00,3.5,3.75,1.06,3.75,3.75,,32.75,38.0,38.0,38.0,38.0,0.0,15.5,,53.75,,0.0,0.0
2024-04-13 17:00:00,2.0,2.25,1.06,2.25,2.25,,23.5,27.0,27.25,27.25,27.25,0.0,15.025,,56.25,,0.0,0.0
2024-04-13 18:00:00,2.0,2.0,1.06,2.0,2.0,,21.25,24.5,25.0,25.0,25.0,0.0,14.525,,58.25,,0.0,0.0
2024-04-13 19:00:00,2.0,2.25,1.06,2.25,2.25,,22.0,25.25,25.25,25.25,25.25,0.0,14.1,,57.5,,0.0,0.0
2024-04-13 20:00:00,2.0,2.0,1.06,2.0,2.0,,20.75,23.5,23.75,23.75,23.75,0.0,12.85,,63.25,,0.0,0.0
2024-04-13 21:00:00,2.0,2.0,1.06,2.0,2.0,,22.5,25.75,26.0,26.0,26.0,0.0,11.975,,66.75,,0.0,0.0
2024-04-13 22:00:00,2.25,2.25,1.06,2.25,2.25,,23.75,27.75,27.75,27.75,27.75,0.0,11.8,,64.25,,0.0,0.0
2024-04-13 23:00:00,2.0,2.5,1.06,2.5,2.5,,23.5,27.0,27.0,27.0,27.0,0.0,11.125,,66.25,,0.0,0.0
2024-04-14 00:00:00,2.0,2.75,1.06,2.75,2.75,,25.5,29.0,29.0,29.0,29.0,0.0,11.05,,65.5,,0.0,0.0
2024-04-14 01:00:00,2.25,2.75,1.06,2.75,2.75,,25.25,29.25,29.25,29.25,29.25,0.0,11.725,,63.25,,0.0,0.0
2024-04-14 02:00:00,2.0,2.5,1.06,2.5,2.5,,24.25,28.25,28.25,28.25,28.25,0.0,12.975,,61.75,,0.0,0.0
2024-04-14 03:00:00,2.25,2.75,1.06,2.75,2.75,,24.75,28.5,28.5,28.5,28.5,0.0,14.4,,59.75,,0.0,0.0
2024-04-14 04:00:00,2.75,3.0,1.06,3.0,3.0,,28.0,31.75,32.0,32.0,32.0,0.0,14.075,,61.75,,0.0,0.0
2024-04-14 05:00:00,3.75,3.75,1.06,3.75,3.75,,37.5,42.75,43.0,43.0,43.0,0.0,14.425,,62.25,,0.0,0.0
2024-04-14 06:00:00,3.5,3.75,1.06,3.75,3.75,,35.25,40.25,40.25,40.25,40.25,0.0,15.7,,62.25,,0.0,0.0
2024-04-14 07:00:00,4.0,4.0,1.06,4.0,4.0,,39.5,45.25,45.5,45.5,45.5,0.0,17.25,,59.5,,0.0,0.0
2024-04-14 08:00:00,3.5,4.0,1.06,4.0,4.0,,34.5,39.75,40.0,40.0,40.0,0.0,19.35,,54.25,,0.0,0.0
2024-04-14 09:00:00,2.5,2.75,1.06,2.75,2.75,,24.25,28.0,28.0,28.0,28.0,0.0,21.075,,47.75,,0.0,0.0
2024-04-14 10:00:00,2.0,2.0,1.06,2.0,2.0,,17.75,20.5,20.5,20.5,20.5,0.0,21.5,,44.75,,0.0,0.0
2024-04-14 11:00:00,2.0,2.0,1.06,2.0,2.0,,18.0,20.75,20.75,20.75,20.75,0.0,20.85,,45.0,,0.0,0.0
2024-04-14 12:00:00,2.25,2.5,1.06,2.5,2.5,,21.5,24.75,25.0,25.0,25.0,0.0,19.825,,47.75,,0.0,0.0
2024-04-14 13:00:00,2.75,2.75,1.06,2.75,2.75,,28.0,32.25,32.75,32.75,32.75,0.0,17.975,,53.0,,0.0,0.0
2024-04-14 14:00:00,3.0,3.25,1.06,3.25,3.25,,28.75,33.0,33.0,33.0,33.0,0.0,17.075,,55.25,,0.0,0.0
2024-04-14 15:00:00,3.5,3.75,1.06,3.75,3.75,,33.75,39.0,39.0,39.0,39.0,0.0,16.05,,57.5,,0.0,0.0
2024-04-14 16:00:00,7.5,8.75,1.06,8.25,8.25,,75.5,87.0,88.0,88.0,88.0,0.0,15.675,,58.75,,0.0,0.0
2024-04-14 17:00:00,6.25,6.5,1.06,6.5,6.75,,61.75,71.25,71.25,71.25,71.25,0.0,14.825,,59.75,,0.0,0.0
2024-04-14 18:00:00,7.0,7.0,1.06,7.0,7.0,,69.0,79.0,79.75,79.75,79.75,0.0,13.325,,62.75,,0.0,0.0
2024-04-14 19:00:00,7.5,8.25,1.06,8.0,8.0,,77.25,88.75,89.0,89.25,89.25,0.0,12.55,,63.0,,0.0,0.0
2024-04-14 20:00:00,7.0,7.25,1.06,7.25,7.25,,73.0,84.0,84.0,84.0,84.0,0.0,11.925,,63.75,,0.0,0.0
2024-04-14 21:00:00,7.0,8.0,1.06,8.0,8.0,,77.0,88.25,88.5,88.5,88.5,0.0,11.325,,64.75,,0.0,0.0
2024-04-14 22:00:00,8.5,10.0,1.06,9.25,9.25,,89.5,103.0,103.25,103.75,103.75,0.0,10.6,,65.5,,0.0,0.0
2024-04-14 23:00:00,6.75,7.75,1.06,7.5,7.5,,74.0,85.25,85.25,85.25,85.25,0.0,9.375,,67.25,,0.0,0.0
2024-04-15 00:00:00,7.75,8.75,1.06,8.5,8.5,,85.0,97.5,98.0,98.5,98.5,0.0,8.275,,68.25,,0.0,0.0
2024-04-15 01:00:00,4.75,4.75,1.06,4.75,4.75,,51.0,58.25,58.75,59.0,59.0,0.0,7.475,,69.0,,0.0,0.0
2024-04-15 02:00:00,3.5,3.5,1.06,3.5,3.5,,35.0,40.75,40.75,40.75,40.75,0.0,7.225,,67.75,,0.0,0.0
2024-04-15 03:00:00,4.0,4.25,1.06,4.25,4.5,,43.25,50.0,50.0,50.0,50.0,0.0,7.9,,65.75,,0.0,0.0
2024-04-15 04:00:00,6.0,6.75,1.06,6.5,6.5,,65.75,75.75,75.75,75.75,75.75,0.0,8.525,,63.5,,0.0,0.0
2024-04-15 05:00:00,9.25,11.0,1.06,10.0,10.0,,100.0,115.0,115.25,115.5,115.5,0.0,8.675,,62.75,,0.0,0.0
2024-04-15 06:00:00,11.0,12.25,1.06,11.25,11.25,,115.5,132.5,133.0,133.0,133.25,0.0,9.375,,60.25,,0.0,0.0
2024-04-15 07:00:00,5.0,5.75,1.06,5.5,5.5,,54.0,61.5,61.75,61.75,62.0,0.0,10.275,,57.25,,0.0,0.25
2024-04-15 08:00:00,2.5,3.0,1.06,3.0,3.0,,28.0,32.25,32.5,32.5,32.5,0.0,10.925,,56.0,,0.0,0.0
2024-04-15 09:00:00,3.0,3.5,1.06,3.5,3.5,,31.0,35.75,35.75,36.0,36.0,0.0,13.85,,50.75,,0.0,0.0
2024-04-15 10:00:00,3.75,4.0,1.06,4.25,4.25,,38.0,43.75,44.0,44.25,44.25,0.0,14.275,,49.75,,0.0,0.0
2024-04-15 11:00:00,4.0,4.25,1.06,4.75,4.75,,40.0,46.5,46.75,47.0,47.0,0.0,16.95,,46.0,,0.0,0.0
2024-04-15 12:00:00,4.75,5.5,1.06,5.5,5.75,,47.25,55.25,56.0,56.0,56.0,0.0,15.275,,47.75,,0.0,0.0
2024-04-15 13:00:00,6.75,8.0,1.06,8.5,8.75,,68.25,80.0,81.25,81.75,81.75,0.0,13.675,,50.5,,0.0,0.0
2024-04-15 14:00:00,10.5,12.5,1.06,12.0,12.0,,106.0,123.25,124.5,124.5,124.5,0.0,12.9,,52.0,,0.0,0.0
2024-04-15 15:00:00,16.75,19.25,1.06,18.75,19.0,,170.5,198.0,199.25,199.25,199.5,0.0,11.9,,53.75,,0.0,0.0
2024-04-15 16:00:00,17.0,20.25,1.06,19.75,20.5,,176.5,205.75,207.75,208.25,208.5,0.0,10.375,,54.75,,0.0,0.0
2024-04-15 17:00:00,11.25,13.75,1.06,13.5,14.0,,115.0,135.0,137.0,137.25,137.25,0.0,9.3,,57.0,,0.0,0.0
2024-04-15 18:00:00,5.75,6.5,1.06,6.25,6.75,,58.5,68.0,68.5,69.0,69.0,0.0,8.275,,57.25,,0.0,0.0
2024-04-15 19:00:00,5.25,6.25,1.06,6.5,6.75,,52.5,62.5,63.5,63.5,63.75,0.0,8.1,,59.5,,0.0,0.0
2024-04-15 20:00:00,3.0,3.5,1.06,3.5,3.5,,32.0,37.0,37.0,37.0,37.0,0.0,8.3,,60.5,,0.0,0.0
2024-04-15 21:00:00,2.25,2.25,1.06,2.25,2.25,,22.5,25.75,25.75,25.75,25.75,0.0,8.1,,60.0,,0.0,0.0
2024-04-15 22:00:00,2.5,2.75,1.06,2.75,2.75,,27.75,32.0,32.0,32.0,32.0,0.0,7.85,,60.75,,0.0,0.0
2024-04-15 23:00:00,3.75,4.0,1.06,4.0,4.0,,39.75,45.75,45.75,45.75,45.75,0.0,8.0,,60.0,,0.0,0.0
2024-04-16 00:00:00,3.0,3.5,1.06,3.75,3.75,,35.75,41.0,41.0,41.0,41.0,0.0,7.95,,61.0,,0.0,0.0
2024-04-16 01:00:00,4.5,5.0,1.06,5.0,5.25,,50.0,57.25,57.5,57.5,57.5,0.0,8.7,,60.25,,0.0,0.0
2024-04-16 02:00:00,4.75,4.75,1.06,5.0,5.0,,46.25,53.5,54.25,54.25,54.25,0.0,13.95,,52.25,,0.0,0.0
2024-04-16 03:00:00,5.25,5.5,1.06,5.75,6.0,,49.75,57.75,58.25,58.25,58.5,0.0,15.675,,50.0,,0.0,0.0
2024-04-16 04:00:00,3.25,3.5,1.06,3.5,3.5,,32.25,36.75,37.25,37.25,37.25,0.0,14.275,,52.25,,0.0,0.0
2024-04-16 05:00:00,2.0,2.0,1.06,2.0,2.25,,21.0,24.5,24.5,24.5,24.5,0.0,14.95,,46.75,,0.0,0.0
2024-04-16 06:00:00,2.0,2.25,1.06,2.25,2.5,,20.5,24.0,24.0,24.0,24.0,0.0,16.55,,44.25,,0.0,0.0
2024-04-16 07:00:00,2.0,2.0,1.06,2.25,2.5,,20.25,23.5,23.5,23.75,23.75,0.0,19.55,,41.25,,0.0,0.0
2024-04-16 08:00:00,3.0,3.25,1.06,3.25,3.25,,28.0,32.25,32.5,32.5,32.5,0.0,21.55,,41.0,,0.0,0.0
2024-04-16 09:00:00,3.5,3.75,1.06,3.75,3.75,,33.5,38.75,38.75,38.75,38.75,0.0,22.2,,41.25,,0.0,0.0
2024-04-16 10:00:00,4.25,4.75,1.06,4.75,4.75,,39.5,45.75,46.25,46.25,46.25,0.0,22.225,,41.25,,0.0,0.0
2024-04-16 11:00:00,3.5,3.75,1.06,3.75,3.75,,32.75,37.75,37.75,37.75,37.75,0.0,22.45,,40.5,,0.0,0.0
2024-04-16 12:00:00,2.5,3.25,1.06,3.25,3.25,,25.5,29.5,30.0,30.0,30.0,0.0,21.8,,42.5,,0.0,0.0
2024-04-16 13:00:00,2.25,2.25,1.06,2.5,3.0,,20.5,24.0,24.5,24.5,24.5,0.0,19.65,,41.75,,0.0,0.0
2024-04-16 14:00:00,3.0,3.5,1.06,3.5,3.75,,30.5,35.0,35.5,35.5,35.5,0.0,17.55,,45.5,,0.0,0.0
2024-04-16 15:00:00,5.0,5.5,1.06,6.0,6.0,,49.25,57.25,58.0,58.0,58.0,0.0,16.825,,48.25,,0.0,0.0
2024-04-16 16:00:00,9.25,11.0,1.06,10.75,11.0,,94.75,110.0,110.5,110.75,110.75,0.0,15.9,,51.0,,0.0,0.0
2024-04-16 17:00:00,9.5,11.0,1.06,10.5,10.5,,95.25,109.75,110.75,110.75,110.75,0.0,14.575,,54.0,,0.0,0.0
2024-04-16 18:00:00,4.0,4.25,1.06,4.25,4.25,,40.25,46.25,46.5,46.5,46.5,0.0,14.15,,56.5,,0.0,0.0
2024-04-16 19:00:00,4.25,4.25,1.06,4.25,4.25,,41.25,47.75,48.0,48.0,48.0,0.0,14.1,,57.5,,0.0,0.0
2024-04-16 20:00:00,3.75,3.75,1.06,3.75,3.75,,37.0,42.75,42.75,42.75,42.75,0.0,14.05,,57.0,,0.0,0.0
2024-04-16 21:00:00,2.75,3.0,1.06,3.0,3.0,,28.25,32.5,32.75,32.75,32.75,0.0,14.05,,57.75,,0.0,0.0
2024-04-16 22:00:00,2.25,2.5,1.06,2.5,2.5,,22.75,26.0,26.25,26.25,26.25,0.0,15.05,,55.0,,0.0,0.0
2024-04-16 23:00:00,2.0,2.25,1.06,2.25,2.25,,21.25,24.5,24.5,24.5,24.5,0.0,14.125,,60.5,,0.0,0.0
2024-04-17 00:00:00,2.0,2.5,1.06,2.5,2.5,,23.75,27.25,27.5,27.5,27.5,0.0,13.175,,66.0,,0.0,0.0
2024-04-17 01:00:00,2.75,3.0,1.06,3.0,3.0,,28.75,33.25,33.25,33.25,33.25,0.0,12.675,,70.0,,0.0,0.0
2024-04-17 02:00:00,3.0,3.0,1.06,3.0,3.0,,31.0,35.5,35.75,35.75,35.75,0.0,12.975,,70.75,,0.0,0.0
2024-04-17 03:00:00,3.5,3.75,1.06,3.75,3.75,,35.5,40.75,40.75,40.75,40.75,0.0,14.4,,68.75,,0.0,0.0
2024-04-17 04:00:00,2.5,2.5,1.06,2.5,2.5,,26.25,30.0,30.0,30.0,30.0,0.0,14.9,,60.25,,0.0,0.0
2024-04-17 05:00:00,2.0,2.0,1.06,2.0,2.0,,21.0,24.25,24.5,24.5,24.5,0.0,15.55,,53.0,,0.0,0.0
2024-04-17 06:00:00,1.75,1.75,1.06,1.75,1.75,,16.0,18.5,18.5,18.5,18.5,0.0,16.375,,48.75,,0.0,0.0
2024-04-17 07:00:00,1.0,1.5,1.06,1.5,1.75,,12.25,14.25,14.5,14.5,14.5,0.0,16.975,,44.75,,0.0,0.0
2024-04-17 08:00:00,1.0,1.25,1.06,1.25,1.5,,11.5,13.25,13.75,13.75,13.75,0.0,17.6,,43.25,,0.0,0.0
2024-04-17 09:00:00,1.25,1.75,1.06,1.75,1.75,,13.25,15.5,16.0,16.0,16.0,0.0,17.325,,44.5,,0.0,0.0
2024-04-17 10:00:00,1.25,1.5,1.06,2.0,2.0,,13.25,15.75,15.75,15.75,15.75,0.0,17.575,,46.0,,0.0,0.0
2024-04-17 11:00:00,1.25,2.0,1.06,2.0,2.25,,14.0,16.5,16.75,17.0,17.0,0.0,17.95,,46.0,,0.0,0.0
2024-04-17 12:00:00,2.0,3.0,1.06,3.0,3.0,,22.0,26.0,26.25,26.5,26.5,0.0,17.975,,50.5,,0.0,0.0
2024-04-17 13:00:00,2.5,3.0,1.06,3.0,3.25,,24.25,28.0,28.5,28.5,28.5,0.0,17.025000000000002,,52.25,,0.0,0.0
2024-04-17 14:00:00,3.0,3.5,1.06,4.0,4.0,,30.0,35.25,35.75,35.75,35.75,0.0,16.05,,54.75,,0.0,0.0
2024-04-17 15:00:00,3.0,3.75,1.06,3.75,3.75,,31.0,36.25,36.75,37.0,37.0,0.0,15.325,,56.25,,0.0,0.0
2024-04-17 16:00:00,2.75,3.0,1.06,3.0,3.0,,26.75,31.0,31.5,31.5,31.5,0.0,14.825,,57.25,,0.0,0.0
2024-04-17 17:00:00,3.5,3.75,1.06,3.75,4.0,,35.0,40.5,40.75,40.75,40.75,0.0,14.4,,57.25,,0.0,0.0
2024-04-17 18:00:00,3.25,3.25,1.06,3.25,3.25,,31.25,36.0,36.25,36.5,36.5,0.0,13.875,,57.5,,0.0,0.0
2024-04-17 19:00:00,6.75,8.0,1.06,7.5,7.5,,70.25,81.0,81.5,81.5,81.5,0.0,13.5,,58.0,,0.0,0.0
2024-04-17 20:00:00,8.0,8.75,1.06,9.0,9.0,,82.5,95.5,95.5,95.75,95.75,0.0,13.075,,58.5,,0.0,0.0
2024-04-17 21:00:00,15.5,17.75,1.06,17.25,17.5,,156.5,181.25,182.5,182.5,182.5,0.0,12.5,,59.5,,0.0,0.0
2024-04-17 22:00:00,11.0,13.0,1.06,12.0,12.25,,116.25,133.75,134.5,134.5,134.5,0.0,11.675,,62.25,,0.0,0.0
2024-04-17 23:00:00,12.5,14.25,1.06,13.25,13.25,,131.25,150.75,151.0,151.25,151.25,0.0,11.35,,63.5,,0.0,0.0
2024-04-18 00:00:00,11.5,12.75,1.06,11.75,11.75,,119.25,137.0,137.25,137.25,137.5,0.0,11.375,,64.25,,0.0,0.0
2024-04-18 01:00:00,8.75,10.0,1.06,9.25,9.25,,90.5,104.0,104.0,104.0,104.0,0.0,12.8,,64.0,,0.0,0.0
2024-04-18 02:00:00,7.5,7.5,1.06,7.5,7.5,,71.5,81.75,81.75,81.75,81.75,0.0,18.525,,55.5,,0.0,0.0
2024-04-18 03:00:00,5.0,5.5,1.06,5.5,5.5,,49.75,57.5,57.75,57.75,57.75,0.0,18.35,,59.0,,0.0,0.0
2024-04-18 04:00:00,4.0,4.75,1.06,4.75,4.75,,42.25,48.75,48.75,48.75,48.75,0.0,18.775,,60.5,,0.0,0.0
2024-04-18 05:00:00,4.0,4.25,1.06,4.25,4.25,,39.5,45.5,45.5,45.5,45.5,0.0,20.325,,59.5,,0.0,0.0
2024-04-18 06:00:00,4.0,4.25,1.06,4.25,4.25,,40.0,46.25,46.25,46.25,46.25,0.0,21.8,,57.25,,0.0,0.0
2024-04-18 07:00:00,4.0,4.0,1.06,4.0,4.0,,36.25,41.5,41.5,41.5,41.5,0.0,23.275,,55.0,,0.0,0.0
2024-04-18 08:00:00,3.5,4.0,1.06,4.0,4.0,,32.5,37.5,37.5,37.5,37.5,0.0,24.325,,52.5,,0.0,0.0
2024-04-18 09:00:00,3.25,4.0,1.06,4.0,4.0,,31.75,36.75,36.75,36.75,36.75,0.0,25.0,,51.25,,0.0,0.0
2024-04-18 10:00:00,3.0,3.75,1.06,3.75,3.75,,29.25,34.25,34.25,34.25,34.25,0.0,25.5,,50.75,,0.0,0.0
2024-04-18 11:00:00,3.0,3.5,1.06,4.0,4.0,,25.5,30.0,30.75,31.0,31.0,0.0,25.45,,48.25,,0.0,0.0
2024-04-18 12:00:00,3.0,3.75,1.06,4.0,4.0,,25.75,31.0,31.0,31.5,31.5,0.0,25.425,,47.5,,0.0,0.0
2024-04-18 13:00:00,3.0,3.5,1.06,3.75,4.0,,26.25,31.25,32.0,32.25,32.25,0.0,23.675,,51.25,,0.0,0.0
2024-04-18 14:00:00,2.75,3.0,1.06,3.0,3.0,,24.25,28.25,28.5,28.75,28.75,0.0,21.875,,53.75,,0.0,0.0
2024-04-18 15:00:00,3.75,4.25,1.06,4.5,4.5,,37.5,43.25,43.5,43.5,43.5,0.0,20.95,,54.0,,0.0,0.0
2024-04-18 16:00:00,3.0,3.0,1.06,3.0,3.0,,25.75,29.25,29.5,29.5,29.5,0.0,20.3,,55.25,,0.0,0.0
2024-04-18 17:00:00,2.75,3.0,1.06,3.0,3.0,,24.75,28.5,28.5,28.75,28.75,0.0,19.6,,57.0,,0.0,0.0
2024-04-18 18:00:00,2.0,2.75,1.06,2.75,2.75,,23.5,27.25,27.25,27.25,27.25,0.0,19.325,,57.0,,0.0,0.0
2024-04-18 19:00:00,3.0,3.0,1.06,3.0,3.0,,26.5,30.25,30.25,30.25,30.25,0.0,18.95,,57.25,,0.0,0.0
2024-04-18 20:00:00,3.0,3.0,1.06,3.0,3.0,,26.25,30.25,30.5,30.5,30.5,0.0,18.625,,58.0,,0.0,0.0
2024-04-18 21:00:00,3.0,3.0,1.06,3.0,3.0,,26.5,30.5,30.5,30.5,30.5,0.0,17.8,,59.5,,0.0,0.0
2024-04-18 22:00:00,3.0,3.0,1.06,3.0,3.0,,27.25,31.25,31.25,31.25,31.25,0.0,17.275,,60.0,,0.0,0.0
2024-04-18 23:00:00,3.25,3.5,1.06,3.5,3.5,,34.5,39.5,39.75,39.75,39.75,0.0,16.625,,61.0,,0.0,0.0
2024-04-19 00:00:00,3.5,3.5,1.06,3.5,3.5,,34.75,39.75,40.0,40.0,40.0,0.0,16.45,,61.75,,0.0,0.0
2024-04-19 01:00:00,3.0,3.0,1.06,3.0,3.0,,28.25,32.5,32.5,32.5,32.5,0.0,18.85,,57.25,,0.0,0.0
2024-04-19 02:00:00,3.5,3.5,1.06,3.5,3.75,,34.25,39.25,39.25,39.25,39.25,0.0,20.6,,54.0,,0.0,0.0
2024-04-19 03:00:00,5.75,6.5,1.06,6.5,6.5,,55.0,63.75,64.0,64.25,64.25,0.0,21.275,,52.25,,0.0,0.0
2024-04-19 04:00:00,6.5,7.5,1.06,7.25,7.5,,61.0,70.25,71.0,71.0,71.0,0.0,21.775,,51.25,,0.0,0.0
2024-04-19 05:00:00,8.5,10.5,1.06,10.25,10.25,,79.0,92.25,93.75,93.75,93.75,0.0,22.95,,50.0,,0.0,0.0
2024-04-19 06:00:00,11.25,14.5,1.06,14.75,15.5,,97.75,116.75,119.25,119.5,119.75,0.0,24.325,,48.5,,0.0,0.0
2024-04-19 07:00:00,10.5,13.25,1.06,13.5,14.0,,89.25,106.0,108.25,108.25,108.5,0.0,27.775,,42.75,,0.0,0.0
2024-04-19 08:00:00,8.25,10.75,1.06,10.5,11.25,,70.5,83.5,85.0,85.25,85.5,0.0,30.225,,40.0,,0.0,0.0
2024-04-19 09:00:00,7.0,8.0,1.06,8.5,8.5,,59.5,69.75,70.75,70.75,70.75,0.0,30.425,,39.0,,0.0,0.0
2024-04-19 10:00:00,8.0,10.5,1.06,11.0,11.5,,68.0,81.5,83.5,83.5,83.75,0.0,29.65,,40.0,,0.0,0.0
2024-04-19 11:00:00,7.0,8.5,1.06,8.75,8.75,,59.75,70.25,71.5,71.75,71.75,0.0,29.075,,41.25,,0.0,0.0
2024-04-19 12:00:00,7.25,8.0,1.06,7.75,7.75,,64.0,73.75,74.0,74.0,74.0,0.0,28.425,,42.25,,0.0,0.0
2024-04-19 13:00:00,12.0,13.75,1.06,13.25,13.25,,110.75,128.0,128.5,128.5,128.75,0.0,26.6,,44.75,,0.0,0.0
2024-04-19 14:00:00,24.25,28.5,1.06,28.0,28.5,,219.5,255.75,258.0,258.5,258.5,0.0,24.85,,47.75,,0.0,0.0
2024-04-19 15:00:00,30.25,34.75,1.06,33.25,33.5,,281.75,325.25,326.75,327.25,327.5,0.0,23.6,,50.0,,0.0,0.0
2024-04-19 16:00:00,6.0,6.0,1.06,6.0,6.0,,56.75,65.5,65.5,65.5,65.5,0.0,21.85,,54.5,,0.0,0.0
2024-04-19 17:00:00,5.75,6.0,1.06,6.0,6.0,,55.0,63.25,63.25,63.25,63.25,0.0,20.725,,57.0,,0.0,0.0
2024-04-19 18:00:00,6.0,6.0,1.06,6.0,6.0,,56.25,64.25,65.0,65.0,65.0,0.0,19.875,,58.5,,0.0,0.0
2024-04-19 19:00:00,6.5,7.25,1.06,7.25,7.25,,65.75,75.25,75.75,75.75,75.75,0.0,18.7,,60.75,,0.0,0.0
2024-04-19 20:00:00,5.25,5.5,1.06,5.5,5.5,,51.25,59.0,59.25,59.25,59.25,0.0,17.8,,60.5,,0.0,0.0
2024-04-19 21:00:00,4.25,5.0,1.06,5.0,5.0,,44.5,51.0,51.0,51.0,51.0,0.0,17.3,,60.25,,0.0,0.0
2024-04-19 22:00:00,4.25,4.5,1.06,4.5,4.5,,44.25,50.75,51.0,51.0,51.0,0.0,16.85,,61.0,,0.0,0.0
2024-04-19 23:00:00,4.25,4.25,1.06,4.25,4.25,,41.5,47.5,47.5,47.5,47.5,0.0,16.475,,61.5,,0.0,0.0
2024-04-20 00:00:00,8.75,10.25,1.06,10.5,10.75,,83.0,97.25,98.5,98.75,99.0,0.0,16.25,,61.75,,0.0,0.0
2024-04-20 01:00:00,10.5,12.75,1.06,13.25,13.75,,95.75,113.25,115.5,115.75,116.0,0.0,19.325,,56.0,,0.0,0.0
2024-04-20 02:00:00,5.25,5.25,1.06,5.25,5.25,,48.5,55.75,56.0,56.0,56.25,0.0,24.325,,48.0,,0.0,0.0
2024-04-20 03:00:00,4.75,5.0,1.06,5.0,5.0,,44.0,50.75,50.75,50.75,50.75,0.0,25.825000000000003,,45.0,,0.0,0.0
2024-04-20 04:00:00,3.25,4.0,1.06,4.0,4.0,,30.75,36.0,36.25,36.25,36.25,0.0,23.45,,46.75,,0.0,0.0
2024-04-20 05:00:00,4.5,4.75,1.06,4.75,4.75,,43.25,49.75,50.0,50.0,50.0,0.0,23.325,,48.25,,0.0,0.0
2024-04-20 06:00:00,4.25,5.0,1.06,5.0,5.0,,42.0,48.0,48.25,48.25,48.25,0.0,24.5,,47.75,,0.0,0.0
2024-04-20 07:00:00,5.25,5.25,1.06,5.25,5.25,,46.5,53.25,53.25,53.25,53.25,0.0,26.675,,46.0,,0.0,0.0
2024-04-20 08:00:00,4.75,5.0,1.06,5.0,5.0,,43.25,49.75,49.75,49.75,49.75,0.0,28.575,,43.5,,0.0,0.0
2024-04-20 09:00:00,5.0,5.0,1.06,5.0,5.0,,44.25,50.75,51.25,51.25,51.25,0.0,26.85,,45.0,,0.0,0.0
2024-04-20 10:00:00,4.25,4.25,1.06,4.25,4.25,,38.5,44.25,44.75,44.75,44.75,0.0,27.425,,44.5,,0.0,0.0
2024-04-20 11:00:00,5.0,5.0,1.06,5.0,5.0,,43.75,50.5,50.75,50.75,50.75,0.0,27.1,,43.75,,0.0,0.0
2024-04-20 12:00:00,5.75,6.25,1.06,6.25,6.25,,53.25,61.0,61.25,61.25,61.25,0.0,26.35,,43.75,,0.0,0.0
2024-04-20 13:00:00,12.0,13.75,1.06,13.0,13.25,,113.25,130.25,130.5,130.5,130.5,4.0,25.075,,45.0,,0.0,4.0
2024-04-20 14:00:00,7.0,7.25,1.06,7.0,7.0,,63.25,72.75,73.0,73.0,73.0,0.0,23.275,,48.25,,0.0,0.0
2024-04-20 15:00:00,5.5,5.5,1.06,5.5,5.5,,51.5,59.25,59.5,59.5,59.5,0.0,21.7,,49.25,,0.0,0.0
2024-04-20 16:00:00,3.5,3.75,1.06,4.0,4.0,,34.75,39.75,39.75,39.75,39.75,0.0,20.075,,51.25,,0.0,0.0
2024-04-20 17:00:00,3.0,3.0,1.06,3.25,3.25,,29.75,34.5,34.5,34.5,34.5,0.0,18.875,,52.0,,0.0,0.0
2024-04-20 18:00:00,2.25,2.5,1.06,2.75,2.75,,22.5,26.25,26.75,26.75,26.75,0.0,18.225,,51.25,,0.0,0.0
2024-04-20 19:00:00,2.25,2.5,1.06,2.5,2.75,,22.75,26.5,26.75,26.75,26.75,0.0,17.175,,52.75,,0.0,0.0
2024-04-20 20:00:00,2.0,2.0,1.06,2.0,2.0,,17.0,19.5,19.75,19.75,19.75,0.0,16.15,,52.5,,0.0,0.0
2024-04-20 21:00:00,1.25,1.25,1.06,1.5,1.5,,13.25,15.5,15.5,15.5,15.5,0.0,15.875,,51.5,,0.0,0.0
2024-04-20 22:00:00,1.0,1.0,1.06,1.0,1.25,,12.5,14.75,14.75,15.0,15.0,0.0,15.375,,52.0,,0.0,0.0
2024-04-20 23:00:00,1.0,1.0,1.06,1.0,1.0,,12.5,14.5,14.5,14.5,14.5,0.0,14.75,,53.75,,0.0,0.0
2024-04-21 00:00:00,1.0,1.0,1.06,1.0,1.0,,11.0,13.0,13.0,13.0,13.0,0.0,15.325,,52.5,,0.0,0.0
2024-04-21 01:00:00,1.25,1.5,1.06,1.75,2.0,,13.25,15.75,15.75,15.75,15.75,0.0,20.9,,44.75,,0.0,0.0
2024-04-21 02:00:00,1.75,2.25,1.06,2.25,2.5,,16.75,19.75,19.75,19.75,19.75,0.0,25.75,,38.25,,0.0,0.0
2024-04-21 03:00:00,1.75,2.0,1.06,2.25,2.25,,13.5,16.0,17.0,17.0,17.0,0.0,24.85,,38.25,,0.0,0.0
2024-04-21 04:00:00,2.25,2.5,1.06,2.5,2.5,,21.25,25.0,25.0,25.25,25.25,0.0,20.75,,44.0,,0.0,0.0
2024-04-21 05:00:00,3.0,3.75,1.06,3.75,3.75,,31.5,36.25,36.5,36.5,36.5,0.0,21.25,,44.5,,0.0,0.0
2024-04-21 06:00:00,4.25,4.5,1.06,4.5,4.5,,39.25,45.0,45.25,45.5,45.5,0.0,22.825,,45.0,,0.0,0.0
2024-04-21 07:00:00,5.5,5.75,1.06,5.75,5.75,,50.5,58.0,58.0,58.0,58.0,0.0,25.85,,43.0,,0.0,0.0
2024-04-21 08:00:00,5.75,6.0,1.06,6.0,6.0,,49.75,57.25,57.25,57.25,57.25,0.0,28.275,,40.75,,0.0,0.0
2024-04-21 09:00:00,5.5,5.75,1.06,5.75,5.75,,49.0,56.5,56.5,56.5,56.5,0.0,29.575,,39.0,,0.0,0.0
2024-04-21 10:00:00,4.5,5.25,1.06,5.25,5.25,,42.0,48.25,48.75,48.75,48.75,0.0,29.05,,38.25,,0.0,0.0
2024-04-21 11:00:00,7.5,8.5,1.06,8.25,8.25,,67.5,77.75,78.5,78.5,78.5,0.0,28.6,,38.75,,0.0,0.0
2024-04-21 12:00:00,11.5,13.25,1.06,12.75,12.75,,105.0,120.75,121.25,121.25,121.25,0.0,27.775,,39.25,,0.0,0.0
2024-04-21 13:00:00,20.0,22.75,1.06,21.5,21.75,,183.0,210.75,211.25,211.5,211.5,0.0,26.5,,41.0,,0.0,0.0
2024-04-21 14:00:00,28.5,32.5,1.06,31.0,31.0,,262.75,302.75,304.25,304.25,304.25,0.0,24.925,,42.5,,0.0,0.0
2024-04-21 15:00:00,53.25,60.25,1.06,57.0,57.25,,498.5,573.5,575.5,575.75,576.0,0.0,23.375,,45.25,,0.0,0.0
2024-04-21 16:00:00,79.75,90.5,1.06,86.25,86.75,,755.25,869.75,873.25,874.0,874.25,0.0,21.975,,47.75,,0.0,0.0
2024-04-21 17:00:00,135.0,153.25,1.06,146.0,146.75,,1290.5,1486.5,1492.75,1494.0,1494.25,0.0,20.8,,50.5,,0.0,0.0
2024-04-21 18:00:00,120.25,136.5,1.06,130.0,130.75,,1156.25,1331.75,1337.25,1338.25,1338.5,0.0,20.05,,52.0,,0.0,0.0
2024-04-21 19:00:00,57.0,65.5,1.06,62.25,62.5,,553.5,638.75,641.5,642.0,642.0,0.0,19.3,,54.0,,0.0,0.0
2024-04-21 20:00:00,29.5,33.75,1.06,32.0,32.0,,287.75,331.5,333.0,333.25,333.25,0.0,18.65,,55.5,,0.0,0.0
2024-04-21 21:00:00,18.5,20.75,1.06,19.75,19.75,,180.75,207.75,208.75,208.75,208.75,0.0,18.55,,56.25,,0.0,0.0
2024-04-21 22:00:00,20.25,22.25,1.06,21.5,21.5,,198.25,228.0,229.0,229.0,229.0,0.0,17.675,,58.25,,0.0,0.0
2024-04-21 23:00:00,17.0,19.25,1.06,18.25,18.25,,169.0,194.25,195.25,195.25,195.25,0.0,17.55,,59.25,,0.0,0.0
2024-04-22 00:00:00,11.0,12.75,1.06,11.75,11.75,,108.75,125.0,125.25,125.25,125.25,0.0,19.05,,57.5,,0.0,0.0
2024-04-22 01:00:00,8.5,10.25,1.06,9.25,9.25,,80.75,92.75,93.25,93.25,93.25,0.0,23.35,,50.75,,0.0,0.0
2024-04-22 02:00:00,7.0,7.75,1.06,8.25,8.25,,64.25,74.5,75.0,75.0,75.0,0.0,25.7,,47.5,,0.0,0.0
2024-04-22 03:00:00,5.0,5.0,1.06,5.0,5.0,,44.25,51.25,51.5,51.5,51.5,0.0,23.075,,52.5,,0.0,0.0
2024-04-22 04:00:00,4.75,5.0,1.06,5.0,5.0,,43.75,50.5,50.75,50.75,50.75,0.0,21.6,,55.5,,0.0,1.0
2024-04-22 05:00:00,5.333333333333333,5.666666666666667,1.06,5.666666666666667,5.666666666666667,,50.66666666666666,58.0,58.66666666666666,58.66666666666666,58.66666666666666,0.0,21.4,,55.333333333333336,,0.0,1.3333333333333333
2024-04-22 06:00:00,4.5,4.5,1.06,4.5,4.5,,40.25,46.25,46.5,46.5,46.5,0.0,22.25,,52.25,,0.0,0.25
2024-04-22 07:00:00,3.25,3.25,1.06,3.25,3.25,,31.0,35.5,35.75,35.75,35.75,0.0,24.7,,43.75,,0.0,0.0
2024-04-22 08:00:00,2.5,2.5,1.06,2.5,2.5,,23.25,26.75,27.0,27.0,27.0,0.0,25.275,,39.0,,0.0,0.0
2024-04-22 09:00:00,2.75,2.75,1.06,2.75,3.0,,23.25,27.0,27.25,27.25,27.25,0.0,25.375,,36.75,,0.0,0.0
2024-04-22 10:00:00,2.0,2.25,1.06,2.25,2.25,,19.75,23.0,23.25,23.5,23.5,0.0,25.35,,35.75,,0.0,0.0
2024-04-22 11:00:00,2.25,2.75,1.06,2.75,3.0,,23.5,27.0,27.0,27.0,27.0,0.0,24.875,,35.5,,0.0,0.0
2024-04-22 12:00:00,3.5,3.75,1.06,3.75,3.75,,31.5,36.75,36.75,37.0,37.0,0.0,24.35,,35.25,,0.0,0.0
2024-04-22 13:00:00,4.75,4.75,1.06,5.25,5.25,,44.25,51.25,51.25,51.25,51.25,0.0,22.625,,35.5,,0.0,0.0
2024-04-22 14:00:00,7.5,8.0,1.06,8.0,8.25,,71.0,82.0,82.75,82.75,82.75,0.0,20.8,,36.25,,0.0,0.0
2024-04-22 15:00:00,8.0,8.75,1.06,8.75,9.0,,75.25,86.75,87.5,87.5,87.5,0.0,19.575,,36.75,,0.0,0.0
2024-04-22 16:00:00,4.75,5.5,1.06,5.5,5.5,,47.75,55.0,55.75,55.75,55.75,0.0,17.925,,38.0,,0.0,0.0
2024-04-22 17:00:00,4.75,5.25,1.06,5.5,5.75,,46.75,54.5,55.0,55.25,55.25,0.0,16.85,,39.0,,0.0,0.0
2024-04-22 18:00:00,3.5,4.0,1.06,4.0,4.25,,36.0,42.0,42.0,42.0,42.0,0.0,16.175,,40.0,,0.0,0.0
2024-04-22 19:00:00,2.0,2.0,1.06,2.0,2.0,,17.75,20.25,20.5,20.5,20.5,0.0,15.4,,40.0,,0.0,0.0
2024-04-22 20:00:00,15.5,18.75,1.06,18.75,19.5,,153.25,180.0,182.5,183.0,183.0,0.0,14.825,,42.25,,0.0,0.0
2024-04-22 21:00:00,18.75,28.0,1.06,31.75,34.5,,163.25,206.75,216.75,219.0,219.5,0.0,14.65,,42.25,,0.0,0.0
2024-04-22 22:00:00,16.5,27.75,1.06,33.0,36.75,,132.0,176.75,190.25,193.25,194.0,0.0,13.9,,42.5,,0.0,0.0
2024-04-22 23:00:00,5.0,6.0,1.06,6.25,6.25,,49.0,57.75,58.5,58.75,58.75,0.0,14.075,,42.25,,0.0,0.0
2024-04-23 00:00:00,3.25,4.25,1.06,4.75,5.0,,28.5,35.0,36.25,36.5,36.5,0.0,14.1,,41.5,,0.0,0.0
2024-04-23 01:00:00,4.0,5.25,1.06,6.0,6.25,,38.25,46.25,47.5,47.75,47.75,0.0,17.9,,38.5,,0.0,0.0
2024-04-23 02:00:00,1.5,2.0,1.06,2.25,2.25,,15.0,17.75,17.75,17.75,17.75,0.0,22.05,,34.0,,0.0,0.0
2024-04-23 03:00:00,1.5,1.75,1.06,2.5,2.5,,12.25,15.0,15.5,15.75,16.0,0.0,22.05,,33.5,,0.0,0.0
2024-04-23 04:00:00,1.0,1.0,1.06,1.0,1.0,,8.25,10.0,10.0,10.0,10.0,0.0,19.575000000000003,,34.0,,0.0,0.0
2024-04-23 05:00:00,1.0,1.0,1.06,1.0,1.25,,10.25,11.5,11.75,11.75,11.75,0.0,19.975,,34.75,,0.0,0.0
2024-04-23 06:00:00,1.0,1.0,1.06,1.0,1.0,,8.5,10.25,10.25,10.25,10.25,0.0,20.6,,34.0,,0.0,0.0
2024-04-23 07:00:00,1.0,1.0,1.06,1.0,1.0,,9.25,10.5,10.5,10.5,10.5,0.0,22.625,,32.0,,0.0,0.0
2024-04-23 08:00:00,1.0,1.0,1.06,1.0,1.0,,9.5,11.25,11.25,11.25,11.25,0.0,23.5,,31.5,,0.0,0.0
2024-04-23 09:00:00,1.0,1.0,1.06,1.0,1.0,,10.75,12.25,12.25,12.25,12.25,0.0,23.7,,31.25,,0.0,0.0
2024-04-23 10:00:00,1.0,1.25,1.06,1.5,1.5,,11.75,13.5,13.5,13.5,13.5,0.0,23.65,,32.0,,0.0,0.0
2024-04-23 11:00:00,1.75,1.75,1.06,1.75,1.75,,14.5,16.75,16.75,16.75,16.75,0.0,22.725,,33.5,,0.0,0.0
2024-04-23 12:00:00,3.0,3.25,1.06,3.5,3.5,,26.75,31.5,31.75,32.0,32.0,0.0,21.95,,34.5,,0.0,0.0
2024-04-23 13:00:00,6.75,8.5,1.06,8.75,9.25,,61.25,72.75,74.25,74.75,74.75,0.0,20.25,,36.25,,0.0,0.0
2024-04-23 14:00:00,8.0,11.25,1.06,11.5,12.25,,73.25,88.25,91.0,91.5,91.5,0.0,18.375,,39.5,,0.0,0.0
2024-04-23 15:00:00,5.75,6.75,1.06,6.75,7.5,,54.5,64.5,65.25,65.5,65.75,0.0,16.15,,43.0,,0.0,0.0
2024-04-23 16:00:00,3.25,4.0,1.06,4.0,4.0,,34.25,40.25,40.5,40.5,40.5,0.0,14.2,,45.75,,0.0,0.0
2024-04-23 17:00:00,4.0,4.5,1.06,4.5,4.5,,39.0,45.75,46.25,46.25,46.25,0.0,12.65,,46.75,,0.0,0.0
2024-04-23 18:00:00,2.5,3.5,1.06,3.5,3.5,,27.25,32.25,32.5,32.75,32.75,0.0,12.05,,44.5,,0.0,0.0
2024-04-23 19:00:00,3.0,3.5,1.06,3.5,3.5,,31.5,36.75,37.25,37.25,37.25,0.0,11.35,,45.75,,0.0,0.0
2024-04-23 20:00:00,1.5,2.0,1.06,2.0,2.0,,17.0,19.75,19.75,19.75,19.75,0.0,10.95,,46.25,,0.0,0.0
2024-04-23 21:00:00,1.5,1.75,1.06,1.75,2.0,,16.75,19.25,19.25,19.25,19.25,0.0,10.125,,46.0,,0.0,0.0
2024-04-23 22:00:00,1.75,1.75,1.06,1.75,2.0,,17.75,20.5,21.0,21.0,21.0,0.0,9.75,,45.25,,0.0,0.0
2024-04-23 23:00:00,1.5,1.75,1.06,1.75,1.75,,16.75,19.5,19.5,19.5,19.5,0.0,8.9,,47.75,,0.0,0.0
2024-04-24 00:00:00,1.0,1.0,1.06,1.0,1.0,,13.25,15.25,15.25,15.25,15.25,0.0,8.275,,48.0,,0.0,0.0
2024-04-24 01:00:00,1.0,1.5,1.06,1.5,1.5,,13.25,15.25,15.5,15.5,15.5,0.0,8.975,,45.5,,0.0,0.0
2024-04-24 02:00:00,2.0,2.0,1.06,2.5,2.75,,18.5,21.5,22.0,22.0,22.0,0.0,9.325,,45.25,,0.0,0.0
2024-04-24 03:00:00,2.0,2.5,1.06,3.0,3.0,,20.25,25.0,25.25,25.5,25.5,0.0,10.475,,45.0,,0.0,0.0
2024-04-24 04:00:00,2.0,2.0,1.06,2.25,2.25,,21.5,25.0,25.25,25.25,25.5,0.0,11.275,,43.75,,0.0,0.0
2024-04-24 05:00:00,2.5,2.75,1.06,3.0,3.0,,25.25,29.25,29.25,29.25,29.25,0.0,12.45,,43.75,,0.0,0.0
2024-04-24 06:00:00,2.0,2.25,1.06,2.25,2.25,,23.75,27.25,27.5,27.5,27.5,0.0,11.85,,46.25,,0.0,0.0
2024-04-24 07:00:00,2.5,2.5,1.06,2.5,2.5,,24.25,28.0,28.25,28.25,28.25,0.0,12.5,,45.75,,2.0,0.0
2024-04-24 08:00:00,2.75,2.75,1.06,2.75,2.75,,28.75,33.25,33.25,33.25,33.25,0.0,13.325,,45.25,,0.0,0.0
2024-04-24 09:00:00,3.0,3.0,1.06,3.0,3.0,,28.75,33.25,33.25,33.25,33.25,0.0,14.225,,44.5,,0.0,0.0
2024-04-24 10:00:00,2.0,2.25,1.06,2.25,2.25,,23.0,26.25,26.5,26.5,26.5,0.0,14.275,,43.25,,0.0,0.0
2024-04-24 11:00:00,2.5,2.5,1.06,2.5,2.5,,24.5,28.5,28.5,28.5,28.5,0.0,14.15,,42.5,,0.0,0.0
2024-04-24 12:00:00,3.5,3.75,1.06,3.75,3.75,,36.0,41.75,42.25,42.25,42.25,0.0,13.025,,39.5,,0.0,0.0
2024-04-24 13:00:00,4.5,4.5,1.06,5.0,5.0,,44.25,51.25,51.5,51.75,51.75,0.0,12.075,,37.25,,0.0,0.0
2024-04-24 14:00:00,6.0,6.0,1.06,6.5,7.0,,60.25,70.0,70.5,70.75,70.75,0.0,10.25,,38.75,,0.0,0.0
2024-04-24 15:00:00,5.25,5.75,1.06,5.75,6.0,,55.0,63.75,64.5,64.5,64.5,0.0,8.200000000000001,,43.5,,0.0,0.0
2024-04-24 16:00:00,5.5,6.25,1.06,6.75,6.75,,61.75,71.5,72.5,72.5,72.5,0.0,6.375,,47.25,,0.0,0.0
2024-04-24 17:00:00,4.5,5.25,1.06,5.25,5.25,,51.25,59.0,59.5,59.5,59.5,0.0,5.025,,48.75,,0.0,0.0
2024-04-24 18:00:00,4.25,4.5,1.06,4.75,4.75,,48.5,56.25,56.25,56.25,56.25,0.0,3.975,,49.5,,0.0,0.0
2024-04-24 19:00:00,3.0,3.75,1.06,3.75,3.75,,38.0,43.75,44.0,44.0,44.0,0.0,3.325,,50.0,,0.0,0.0
2024-04-24 20:00:00,3.0,3.25,1.06,3.25,3.25,,36.25,41.75,41.75,41.75,41.75,0.0,2.925,,50.5,,0.0,0.0
2024-04-24 21:00:00,3.25,3.5,1.06,3.75,3.75,,38.25,43.5,43.75,43.75,43.75,0.0,2.35,,51.0,,0.0,0.0
2024-04-24 22:00:00,3.25,3.75,1.06,3.75,3.75,,39.25,45.0,45.5,45.75,45.75,0.0,1.725,,51.5,,0.0,0.0
2024-04-24 23:00:00,4.0,4.25,1.06,4.25,4.25,,46.75,53.5,53.5,53.5,53.5,0.0,1.1,,52.75,,0.0,0.0
2024-04-25 00:00:00,4.0,4.0,1.06,4.0,4.0,,46.25,53.25,53.25,53.25,53.25,0.0,1.325,,53.0,,0.0,0.0
2024-04-25 01:00:00,4.0,4.0,1.06,4.0,4.0,,43.5,49.75,49.75,50.0,50.0,0.0,4.725,,47.0,,0.0,0.0
2024-04-25 02:00:00,3.25,4.0,1.06,4.0,4.0,,37.5,43.0,43.25,43.25,43.5,0.0,6.975,,43.5,,0.0,0.0
2024-04-25 03:00:00,3.5,3.5,1.06,4.0,4.0,,36.25,41.75,42.25,42.25,42.25,0.0,7.35,,42.0,,0.0,0.0
2024-04-25 04:00:00,3.0,3.25,1.06,3.25,3.5,,32.75,37.75,38.5,38.5,38.5,0.0,6.65,,41.25,,2.0,1.0
2024-04-25 05:00:00,3.0,3.0,1.06,3.25,3.25,,29.25,33.5,34.0,34.5,34.5,0.0,7.4,,39.5,,0.0,1.0
2024-04-25 06:00:00,2.75,3.0,1.06,3.0,3.0,,26.75,31.25,31.5,31.5,31.5,0.0,8.9,,36.75,,0.0,0.0
2024-04-25 07:00:00,3.0,3.0,1.06,3.0,3.0,,26.25,30.5,30.75,30.75,31.0,0.0,10.825,,34.0,,0.0,2.0
2024-04-25 08:00:00,3.5,3.5,1.06,3.5,3.5,,33.0,38.0,38.25,38.25,38.25,0.0,12.175,,33.0,,0.0,0.0
2024-04-25 09:00:00,2.25,3.0,1.06,3.0,3.0,,26.25,30.0,30.25,30.25,30.25,0.0,13.025,,32.25,,0.0,0.0
2024-04-25 10:00:00,2.5,3.0,1.06,3.0,3.0,,27.5,31.5,31.75,31.75,31.75,0.0,13.55,,32.0,,0.0,0.0
2024-04-25 11:00:00,3.0,3.0,1.06,3.0,3.0,,28.25,32.25,32.25,32.25,32.25,0.0,13.9,,32.5,,2.0,1.0
2024-04-25 12:00:00,4.0,4.25,1.06,4.25,4.25,,41.5,47.5,47.75,47.75,47.75,0.0,13.625,,33.5,,0.0,0.0
2024-04-25 13:00:00,3.75,3.75,1.06,3.75,3.75,,37.5,42.75,43.25,43.25,43.25,0.0,12.725,,35.5,,0.0,0.0
2024-04-25 14:00:00,4.5,5.25,1.06,5.25,5.25,,49.25,56.5,57.0,57.0,57.0,0.0,11.375,,37.75,,0.0,0.0
2024-04-25 15:00:00,4.75,5.5,1.06,5.5,5.5,,51.5,59.5,59.75,59.75,59.75,0.0,10.15,,40.0,,0.0,0.0
2024-04-25 16:00:00,5.5,6.25,1.06,6.25,6.25,,59.0,68.25,68.5,68.5,68.75,0.0,9.0,,42.0,,0.0,0.0
2024-04-25 17:00:00,4.5,5.25,1.06,5.25,5.25,,48.0,55.75,56.0,56.25,56.25,0.0,8.275,,42.0,,0.0,0.0
2024-04-25 18:00:00,4.0,4.0,1.06,4.25,4.25,,41.0,47.5,48.25,48.25,48.25,0.0,7.975,,42.5,,0.0,0.0
2024-04-25 19:00:00,3.0,3.25,1.06,3.25,3.25,,33.75,38.75,39.0,39.0,39.0,0.0,7.8,,43.25,,0.0,0.0
2024-04-25 20:00:00,3.75,4.25,1.06,4.5,4.5,,41.75,49.0,49.25,49.5,49.5,0.0,7.125,,45.5,,0.0,0.0
2024-04-25 21:00:00,3.25,3.75,1.06,3.75,4.0,,34.5,40.0,40.5,40.75,40.75,0.0,6.775,,46.5,,0.0,0.0
2024-04-25 22:00:00,2.75,3.0,1.06,3.25,3.25,,30.75,35.5,35.5,35.5,35.5,0.0,6.7,,46.75,,0.0,0.0
2024-04-25 23:00:00,3.25,3.75,1.06,3.75,3.75,,36.0,41.75,42.0,42.0,42.0,0.0,6.425000000000001,,47.5,,0.0,0.0
2024-04-26 00:00:00,3.5,4.0,1.06,4.0,4.0,,37.5,43.0,43.5,43.5,43.5,0.0,6.6,,47.0,,0.0,0.0
2024-04-26 01:00:00,3.75,3.75,1.06,3.75,3.75,,38.0,44.0,44.25,44.25,44.25,0.0,7.375,,46.5,,0.0,0.0
2024-04-26 02:00:00,3.5,4.0,1.06,4.0,4.0,,37.25,42.5,42.75,42.75,43.0,0.0,8.925,,44.75,,0.0,0.0
2024-04-26 03:00:00,4.0,4.0,1.06,4.25,4.25,,39.75,45.75,46.25,46.25,46.25,0.0,10.025,,44.0,,0.0,0.0
2024-04-26 04:00:00,3.25,3.25,1.06,3.5,3.5,,35.0,40.0,40.0,40.0,40.0,0.0,11.925,,41.25,,0.0,0.0
2024-04-26 05:00:00,3.25,3.5,1.06,3.5,3.5,,34.5,39.5,39.75,39.75,39.75,0.0,13.025,,39.25,,0.0,0.0
2024-04-26 06:00:00,3.0,3.25,1.06,3.25,3.25,,32.25,36.75,37.0,37.0,37.0,0.0,14.025,,38.25,,0.0,0.0
2024-04-26 07:00:00,4.0,4.0,1.06,4.0,4.0,,37.5,43.0,43.0,43.0,43.0,0.0,14.025,,37.25,,0.0,0.0
2024-04-26 08:00:00,3.0,3.0,1.06,3.0,3.0,,30.75,35.25,35.5,35.5,35.5,0.0,15.6,,35.0,,0.0,0.0
2024-04-26 09:00:00,3.0,3.0,1.06,3.0,3.0,,29.0,33.25,33.25,33.25,33.25,0.0,16.35,,33.75,,0.0,0.0
2024-04-26 10:00:00,2.75,2.75,1.06,2.75,2.75,,25.75,29.5,29.75,29.75,29.75,0.0,17.025,,33.0,,0.0,0.0
2024-04-26 11:00:00,3.0,3.25,1.06,3.25,3.25,,29.0,33.25,33.25,33.25,33.25,0.0,16.7,,32.5,,0.0,0.0
2024-04-26 12:00:00,3.0,3.0,1.06,3.0,3.0,,30.5,35.0,35.25,35.25,35.25,0.0,16.675,,31.25,,0.0,0.0
2024-04-26 13:00:00,3.5,3.75,1.06,3.75,3.75,,33.5,38.5,38.75,38.75,38.75,0.0,15.95,,31.25,,0.0,0.0
2024-04-26 14:00:00,8.25,9.5,1.06,9.25,9.25,,81.5,94.75,95.5,95.75,96.0,0.0,14.05,,32.75,,0.0,0.0
2024-04-26 15:00:00,23.5,28.0,1.06,28.0,28.75,,232.5,272.25,275.75,276.75,277.0,0.0,12.9,,34.75,,0.0,0.0
2024-04-26 16:00:00,12.25,14.5,1.06,14.0,14.0,,128.5,148.5,149.5,149.5,149.5,0.0,11.95,,36.5,,0.0,0.0
2024-04-26 17:00:00,9.5,10.5,1.06,10.25,10.25,,97.25,112.25,112.75,112.75,112.75,0.0,11.125,,37.25,,0.0,0.0
2024-04-26 18:00:00,41.75,49.25,1.06,48.5,49.5,,435.0,506.75,511.25,512.75,512.75,0.0,9.85,,40.5,,0.0,0.0
2024-04-26 19:00:00,15.5,18.25,1.06,17.5,17.75,,165.0,191.25,192.5,192.75,193.0,0.0,9.15,,41.75,,0.0,0.0
2024-04-26 20:00:00,6.5,7.0,1.06,7.0,7.0,,70.0,80.25,80.75,80.75,80.75,0.0,8.925,,41.75,,0.0,0.0
2024-04-26 21:00:00,7.0,7.5,1.06,7.75,7.75,,74.0,85.25,85.75,85.75,85.75,0.0,8.575,,40.5,,0.0,0.0
2024-04-26 22:00:00,10.0,12.0,1.06,12.0,12.5,,106.75,125.5,127.0,127.25,127.5,0.0,7.824999999999999,,42.0,,0.0,0.0
2024-04-26 23:00:00,10.0,12.5,1.06,12.5,13.0,,104.75,123.75,125.75,126.0,126.25,0.0,7.225,,42.25,,0.0,0.0
2024-04-27 00:00:00,18.0,22.5,1.06,22.5,23.75,,190.0,224.0,227.75,228.25,228.25,0.0,8.2,,42.25,,0.0,0.0
2024-04-27 01:00:00,5.5,6.0,1.06,6.0,6.0,,57.25,66.0,66.0,66.0,66.0,0.0,14.15,,35.25,,0.0,0.0
2024-04-27 02:00:00,5.0,5.75,1.06,5.75,5.75,,52.0,59.75,60.25,60.25,60.25,0.0,17.425,,31.5,,0.0,0.0
2024-04-27 03:00:00,3.5,4.0,1.06,4.0,4.0,,35.75,40.75,41.25,41.25,41.25,0.0,16.575,,31.75,,0.0,0.0
2024-04-27 04:00:00,4.0,4.0,1.06,4.0,4.0,,41.25,47.5,47.5,47.5,47.5,0.0,12.925,,35.25,,0.0,0.0
2024-04-27 05:00:00,4.75,5.25,1.06,5.25,5.25,,49.5,56.75,57.0,57.0,57.0,0.0,12.85,,35.0,,0.0,0.0
2024-04-27 06:00:00,4.75,5.0,1.06,5.0,5.0,,47.0,54.0,54.0,54.0,54.0,0.0,14.125,,34.5,,0.0,0.0
2024-04-27 07:00:00,4.0,4.0,1.06,4.0,4.0,,41.75,47.75,47.75,48.0,48.0,0.0,16.475,,33.0,,0.0,0.0
2024-04-27 08:00:00,6.75,7.5,1.06,7.25,7.25,,66.25,76.5,76.5,76.5,76.5,0.0,17.875,,32.0,,0.0,0.0
2024-04-27 09:00:00,6.25,6.75,1.06,6.75,6.75,,60.75,69.75,70.25,70.25,70.25,0.0,18.675,,32.0,,0.0,0.0
2024-04-27 10:00:00,9.0,10.75,1.06,10.0,10.0,,90.25,104.0,104.75,104.75,104.75,0.0,18.4,,32.25,,0.0,0.0
2024-04-27 11:00:00,8.75,10.0,1.06,9.5,9.5,,84.0,97.0,97.5,97.5,97.5,0.0,18.375,,32.75,,0.0,0.0
2024-04-27 12:00:00,7.75,9.0,1.06,8.5,8.5,,78.75,90.5,90.75,91.0,91.0,0.0,17.65,,33.0,,0.0,0.0
2024-04-27 13:00:00,11.25,13.25,1.06,12.25,12.25,,110.75,127.25,128.25,128.25,128.25,0.0,17.3,,33.0,,0.0,0.0
2024-04-27 14:00:00,13.5,15.5,1.06,14.75,14.75,,134.25,155.0,155.5,155.75,155.75,0.0,16.225,,34.5,,0.0,0.0
2024-04-27 15:00:00,19.75,22.0,1.06,21.0,21.0,,196.0,226.0,226.75,227.5,227.5,0.0,15.4,,35.25,,0.0,0.0
2024-04-27 16:00:00,49.0,57.75,1.06,55.75,56.5,,493.25,572.75,577.0,578.0,578.25,0.0,14.325,,37.25,,0.0,0.0
2024-04-27 17:00:00,93.75,110.0,1.06,107.0,109.25,,950.25,1103.5,1112.75,1114.25,1115.0,0.0,13.175,,39.75,,0.0,0.0
2024-04-27 18:00:00,99.75,117.25,1.06,114.5,116.5,,1015.75,1181.0,1191.25,1193.25,1194.0,0.0,12.325,,41.25,,0.0,0.0
2024-04-27 19:00:00,77.5,91.5,1.06,89.5,91.25,,793.25,923.5,932.0,933.5,934.5,0.0,11.6,,43.25,,0.0,0.0
2024-04-27 20:00:00,38.25,44.25,1.06,42.75,43.0,,392.75,454.75,458.0,458.25,458.5,0.0,11.475,,46.25,,0.0,0.0
2024-04-27 21:00:00,36.75,43.25,1.06,42.0,42.75,,384.75,446.25,449.5,450.5,450.5,0.0,10.85,,48.5,,0.0,0.0
2024-04-27 22:00:00,31.5,36.5,1.06,35.25,36.0,,327.25,379.25,382.0,382.25,382.75,0.0,10.15,,49.25,,0.0,0.0
2024-04-27 23:00:00,26.25,30.25,1.06,29.0,29.0,,277.25,320.75,322.75,322.75,322.75,0.0,9.55,,50.5,,0.0,0.0
2024-04-28 00:00:00,23.75,27.25,1.06,25.75,26.5,,249.0,287.5,288.75,289.25,289.25,0.0,11.1,,49.0,,0.0,0.0
2024-04-28 01:00:00,20.25,22.75,1.06,22.0,22.0,,201.25,232.0,232.75,233.0,233.0,0.0,16.5,,41.75,,0.0,0.0
2024-04-28 02:00:00,13.75,15.5,1.06,14.5,14.5,,132.75,152.5,153.0,153.0,153.0,0.0,19.75,,37.25,,0.0,0.0
2024-04-28 03:00:00,5.25,6.25,1.06,6.25,6.25,,54.5,62.5,62.75,62.75,62.75,0.0,20.825,,34.75,,0.0,0.0
2024-04-28 04:00:00,5.0,5.0,1.06,5.0,5.0,,48.75,56.0,56.0,56.0,56.0,0.0,16.925,,38.25,,0.0,0.0
2024-04-28 05:00:00,3.5,4.25,1.06,4.25,4.25,,37.75,43.25,43.25,43.25,43.25,0.0,17.075,,37.0,,0.0,0.0
2024-04-28 06:00:00,3.0,3.0,1.06,3.0,3.0,,27.0,30.5,30.75,30.75,30.75,0.0,18.45,,34.75,,0.0,0.0
2024-04-28 07:00:00,3.0,3.0,1.06,3.0,3.0,,27.0,31.0,31.0,31.0,31.0,0.0,19.55,,33.0,,0.0,0.0
2024-04-28 08:00:00,3.0,3.0,1.06,3.0,3.0,,25.25,29.0,29.0,29.0,29.0,0.0,20.875,,32.25,,0.0,0.0
2024-04-28 09:00:00,2.5,3.0,1.06,3.0,3.0,,23.75,27.25,27.5,27.5,27.5,0.0,21.55,,32.0,,0.0,0.0
2024-04-28 10:00:00,3.0,3.0,1.06,3.0,3.0,,24.75,28.75,28.75,28.75,28.75,0.0,21.8,,32.25,,0.0,0.0
2024-04-28 11:00:00,2.25,3.0,1.06,3.0,3.0,,23.75,27.5,27.5,27.5,27.5,0.0,21.95,,33.5,,0.0,0.0
2024-04-28 12:00:00,2.75,3.0,1.06,3.0,3.0,,25.0,28.25,28.5,28.5,28.5,0.0,20.8,,36.0,,0.0,0.0
2024-04-28 13:00:00,2.75,3.0,1.06,3.0,3.0,,26.0,30.0,30.0,30.0,30.0,0.0,19.375,,38.5,,0.0,0.0
2024-04-28 14:00:00,3.0,3.25,1.06,3.25,3.25,,31.25,36.0,36.25,36.25,36.25,0.0,18.375,,42.5,,0.0,0.0
2024-04-28 15:00:00,3.0,3.25,1.06,3.25,3.25,,31.0,35.5,35.75,35.75,35.75,0.0,17.5,,44.75,,0.0,0.0
2024-04-28 16:00:00,3.0,3.0,1.06,3.0,3.0,,29.0,33.0,33.0,33.0,33.0,0.0,17.65,,43.75,,0.0,0.0
2024-04-28 17:00:00,3.0,3.0,1.06,3.0,3.0,,31.0,35.75,36.0,36.0,36.0,0.0,16.925,,46.5,,0.0,0.0
2024-04-28 18:00:00,3.0,3.0,1.06,3.0,3.0,,32.25,37.0,37.0,37.0,37.0,0.0,16.125,,47.75,,0.0,0.0
2024-04-28 19:00:00,3.0,3.0,1.06,3.0,3.0,,32.75,37.5,37.75,37.75,37.75,0.0,15.55,,49.5,,0.0,0.0
2024-04-28 20:00:00,3.0,3.0,1.06,3.0,3.0,,31.25,36.0,36.0,36.0,36.25,0.0,15.525,,50.25,,0.0,0.0
2024-04-28 21:00:00,3.0,3.0,1.06,3.0,3.0,,30.25,34.5,34.75,34.75,34.75,0.0,15.225,,51.25,,0.0,0.0
2024-04-28 22:00:00,3.0,3.0,1.06,3.0,3.0,,30.0,34.25,34.5,34.5,34.5,0.0,14.875,,52.75,,0.0,0.0
2024-04-28 23:00:00,3.0,3.0,1.06,3.0,3.0,,28.75,33.25,33.25,33.25,33.25,0.0,14.9,,53.0,,0.0,0.0
2024-04-29 00:00:00,3.0,3.0,1.06,3.0,3.0,,28.0,32.0,32.0,32.0,32.25,0.0,15.175,,52.5,,0.0,0.0
2024-04-29 01:00:00,3.0,3.0,1.06,3.0,3.0,,28.75,33.5,33.5,33.5,33.5,0.0,15.475,,52.5,,0.0,0.0
2024-04-29 02:00:00,3.0,3.0,1.06,3.0,3.0,,28.5,32.5,32.75,32.75,32.75,0.0,16.4,,51.75,,0.0,0.0
2024-04-29 03:00:00,3.0,3.0,1.06,3.0,3.0,,29.0,33.25,33.25,33.25,33.25,0.0,17.725,,50.75,,0.0,0.0
2024-04-29 04:00:00,3.25,3.25,1.06,3.25,3.25,,30.5,35.25,35.25,35.25,35.25,0.0,18.950000000000003,,50.0,,0.0,0.0
2024-04-29 05:00:00,3.0,3.25,1.06,3.25,3.25,,29.5,34.0,34.0,34.0,34.0,0.0,20.5,,50.5,,0.0,0.0
2024-04-29 06:00:00,3.0,3.0,1.06,3.25,3.25,,28.0,32.25,32.5,32.5,32.5,0.0,23.025,,48.0,,0.0,0.0
2024-04-29 07:00:00,3.0,3.75,1.06,4.0,4.0,,29.75,34.5,34.75,34.75,34.75,0.0,24.775,,45.25,,0.0,0.0
2024-04-29 08:00:00,3.0,3.0,1.06,3.75,3.75,,27.0,31.25,31.75,31.75,31.75,0.0,25.3,,40.75,,0.0,0.0
2024-04-29 09:00:00,4.25,5.5,1.06,5.25,5.25,,40.5,47.25,47.5,47.5,47.5,0.0,26.15,,38.0,,0.0,0.0
2024-04-29 10:00:00,2.25,2.75,1.06,2.75,2.75,,19.75,23.5,23.75,23.75,23.75,0.0,25.425,,39.0,,0.0,0.0
2024-04-29 11:00:00,2.0,2.5,1.06,2.75,2.75,,17.25,20.75,21.25,21.25,21.25,0.0,25.225,,38.0,,0.0,0.0
2024-04-29 12:00:00,6.75,8.5,1.06,8.75,9.0,,63.25,75.0,75.75,76.0,76.5,0.0,22.65,,47.5,,0.0,0.0
2024-04-29 13:00:00,4.25,4.75,1.06,5.0,5.0,,40.5,47.5,48.0,48.0,48.0,0.0,19.8,,53.75,,0.0,0.0
2024-04-29 14:00:00,15.25,17.75,1.06,17.0,17.25,,148.75,172.0,173.25,173.25,173.5,0.0,18.225,,55.0,,0.0,0.0
2024-04-29 15:00:00,16.0,18.5,1.06,17.75,18.0,,157.75,182.5,183.75,183.75,183.75,0.0,16.825,,56.75,,0.0,0.0
2024-04-29 16:00:00,6.75,7.5,1.06,7.25,7.25,,67.75,78.5,78.5,78.5,78.5,0.0,15.2,,58.75,,0.0,0.0
2024-04-29 17:00:00,4.75,4.75,1.06,4.75,4.75,,46.75,53.75,54.0,54.0,54.0,0.0,14.625,,58.75,,0.0,0.0
2024-04-29 18:00:00,13.0,15.0,1.06,14.25,14.5,,127.25,147.25,148.5,148.75,148.75,0.0,14.3,,59.25,,0.0,0.0
2024-04-29 19:00:00,4.5,4.5,1.06,4.5,4.5,,43.75,50.75,51.0,51.25,51.25,0.0,12.9,,64.25,,0.0,0.0
2024-04-29 20:00:00,2.25,2.25,1.06,2.25,2.25,,23.25,27.25,27.25,27.25,27.25,0.0,10.375,,68.5,,0.0,0.0
2024-04-29 21:00:00,2.0,2.0,1.06,2.0,2.0,,20.0,23.0,23.0,23.0,23.0,0.0,9.425,,66.5,,0.0,0.0
2024-04-29 22:00:00,2.0,2.0,1.06,2.0,2.0,,19.0,22.0,22.0,22.0,22.0,0.0,8.549999999999999,,67.5,,0.0,0.0
2024-04-29 23:00:00,2.0,2.0,1.06,2.0,2.0,,21.25,24.25,24.25,24.25,24.5,0.0,7.475,,69.5,,0.0,0.0
2024-04-30 00:00:00,2.25,2.5,1.06,2.5,2.75,,26.5,30.75,30.75,30.75,30.75,0.0,6.7,,69.25,,0.0,0.0
2024-04-30 01:00:00,3.0,3.0,1.06,3.0,3.0,,29.5,33.75,34.25,34.5,34.5,0.0,6.775,,68.75,,0.0,0.0
2024-04-30 02:00:00,2.75,3.0,1.06,3.0,3.0,,29.25,33.75,34.0,34.0,34.0,0.0,7.574999999999999,,66.0,,0.0,0.0
2024-04-30 03:00:00,3.25,3.5,1.06,3.5,3.5,,34.5,39.5,40.0,40.0,40.0,0.0,8.1,,65.75,,0.0,0.0
2024-04-30 04:00:00,3.25,3.75,1.06,3.75,3.75,,36.5,42.25,42.5,42.5,42.5,0.0,7.6,,68.5,,0.0,0.0
2024-04-30 05:00:00,3.0,3.5,1.06,3.5,3.5,,34.5,39.5,40.0,40.0,40.0,0.0,7.8,,68.75,,0.0,0.0
2024-04-30 06:00:00,3.0,3.5,1.06,3.5,3.5,,34.0,39.25,39.25,39.25,39.25,0.0,8.25,,67.0,,0.0,0.0
2024-04-30 07:00:00,4.25,4.25,1.06,4.25,4.25,,43.0,49.5,49.75,50.0,50.0,0.0,8.35,,67.0,,0.0,0.0
2024-04-30 08:00:00,4.5,4.75,1.06,4.75,4.75,,48.75,56.0,56.0,56.25,56.25,0.0,7.9,,69.0,,0.0,0.0
2024-04-30 09:00:00,6.5,6.75,1.06,7.25,7.25,,70.0,80.75,81.0,81.25,81.25,0.0,7.525,,69.75,,2.0,0.0
2024-04-30 10:00:00,7.75,8.25,1.06,8.0,8.25,,82.5,95.0,95.75,95.75,95.75,0.0,6.45,,69.75,,0.0,0.0
2024-04-30 11:00:00,10.5,12.0,1.06,11.75,12.0,,113.0,131.0,132.0,132.25,132.25,0.0,6.425,,69.0,,0.0,0.0
2024-04-30 12:00:00,7.25,8.75,1.06,8.25,8.25,,78.25,91.0,91.75,91.75,91.75,0.0,6.125,,70.0,,0.0,0.0
2024-04-30 13:00:00,5.75,6.75,1.06,6.75,6.75,,65.5,75.75,76.5,76.5,76.5,0.0,4.9,,73.0,,0.0,0.0
2024-04-30 14:00:00,9.5,11.25,1.06,10.5,10.75,,105.0,121.25,122.25,122.5,122.5,0.0,4.8,,73.25,,0.0,0.0
2024-04-30 15:00:00,9.25,10.75,1.06,10.25,10.5,,103.5,119.5,120.5,120.5,120.5,0.0,4.325,,74.5,,0.0,0.0
2024-04-30 16:00:00,7.5,8.75,1.06,8.25,8.5,,83.0,96.25,96.75,97.0,97.0,0.0,3.825,,74.5,,0.0,0.0
2024-04-30 17:00:00,6.25,7.25,1.06,7.25,7.5,,70.5,81.5,82.5,82.5,82.5,0.0,3.0,,75.0,,0.0,0.0
2024-04-30 18:00:00,5.25,5.5,1.06,5.75,5.75,,58.0,67.5,67.5,67.75,67.75,0.0,2.525,,74.75,,0.0,0.0
2024-04-30 19:00:00,4.25,4.75,1.06,4.75,5.0,,48.75,56.25,56.75,57.0,57.0,0.0,1.9,,77.25,,0.0,0.0
2024-04-30 20:00:00,3.25,3.75,1.06,3.75,3.75,,39.25,45.25,45.5,45.5,45.5,0.0,1.8,,78.0,,0.0,0.0
2024-04-30 21:00:00,2.5,2.75,1.06,2.75,2.75,,29.25,33.5,33.5,33.5,33.75,0.0,1.825,,78.0,,0.0,0.0
2024-04-30 22:00:00,1.75,2.0,1.06,2.0,2.0,,20.25,23.25,23.25,23.25,23.25,0.0,1.825,,78.0,,0.0,0.0
2024-04-30 23:00:00,1.5,1.75,1.06,1.75,1.75,,17.75,20.0,20.25,20.25,20.25,0.0,2.05,,77.5,,0.0,0.0
